curve_num,curve_id,PopBio_units,best_model_BIC,BIC,deltaBIC,n,n_unique_time,k
1,"Acinetobacter.clacoaceticus..RDA.R._15_TSB_Bae, Y.M., Zheng, L., Hyun, J.E., Jung, K.S., Heu, S. and Lee, S.Y., 2014. Growth characteristics and biofilm formation of various spoilage bacteria isolated from fresh produce. Journal of food science, 79(10), pp.M2072-M2080._1",OD_595,cubic,-107.51240057627126,0,22,22,4
2,"Acinetobacter.clacoaceticus..RDA.R._25_TSB_Bae, Y.M., Zheng, L., Hyun, J.E., Jung, K.S., Heu, S. and Lee, S.Y., 2014. Growth characteristics and biofilm formation of various spoilage bacteria isolated from fresh produce. Journal of food science, 79(10), pp.M2072-M2080._1",OD_595,cubic,-89.14000681928647,0,15,15,4
3,"Acinetobacter.clacoaceticus..RDA.R._35_TSB_Bae, Y.M., Zheng, L., Hyun, J.E., Jung, K.S., Heu, S. and Lee, S.Y., 2014. Growth characteristics and biofilm formation of various spoilage bacteria isolated from fresh produce. Journal of food science, 79(10), pp.M2072-M2080._1",OD_595,logistic,-75.33466819066815,0,15,15,3
4,"Acinetobacter.clacoaceticus..RDA.R._5_TSB_Bae, Y.M., Zheng, L., Hyun, J.E., Jung, K.S., Heu, S. and Lee, S.Y., 2014. Growth characteristics and biofilm formation of various spoilage bacteria isolated from fresh produce. Journal of food science, 79(10), pp.M2072-M2080._1",OD_595,quadratic,-241.77801607090043,0,29,29,3
5,"Acinetobacter.clacoaceticus.1_15_TSB_Bae, Y.M., Zheng, L., Hyun, J.E., Jung, K.S., Heu, S. and Lee, S.Y., 2014. Growth characteristics and biofilm formation of various spoilage bacteria isolated from fresh produce. Journal of food science, 79(10), pp.M2072-M2080._1",OD_595,logistic,-90.76149174518125,0,22,22,3
6,"Acinetobacter.clacoaceticus.1_25_TSB_Bae, Y.M., Zheng, L., Hyun, J.E., Jung, K.S., Heu, S. and Lee, S.Y., 2014. Growth characteristics and biofilm formation of various spoilage bacteria isolated from fresh produce. Journal of food science, 79(10), pp.M2072-M2080._1",OD_595,cubic,-69.47219827466235,0,14,14,4
7,"Acinetobacter.clacoaceticus.1_35_TSB_Bae, Y.M., Zheng, L., Hyun, J.E., Jung, K.S., Heu, S. and Lee, S.Y., 2014. Growth characteristics and biofilm formation of various spoilage bacteria isolated from fresh produce. Journal of food science, 79(10), pp.M2072-M2080._1",OD_595,cubic,-47.18891822506371,0,16,16,4
8,"Acinetobacter.clacoaceticus.1_5_TSB_Bae, Y.M., Zheng, L., Hyun, J.E., Jung, K.S., Heu, S. and Lee, S.Y., 2014. Growth characteristics and biofilm formation of various spoilage bacteria isolated from fresh produce. Journal of food science, 79(10), pp.M2072-M2080._1",OD_595,quadratic,-219.4885200033844,0,29,29,3
9,"Acinetobacter.clacoaceticus.2_15_TSB_Bae, Y.M., Zheng, L., Hyun, J.E., Jung, K.S., Heu, S. and Lee, S.Y., 2014. Growth characteristics and biofilm formation of various spoilage bacteria isolated from fresh produce. Journal of food science, 79(10), pp.M2072-M2080._1",OD_595,cubic,-109.17152689427486,0,25,25,4
10,"Acinetobacter.clacoaceticus.2_25_TSB_Bae, Y.M., Zheng, L., Hyun, J.E., Jung, K.S., Heu, S. and Lee, S.Y., 2014. Growth characteristics and biofilm formation of various spoilage bacteria isolated from fresh produce. Journal of food science, 79(10), pp.M2072-M2080._1",OD_595,quadratic,-36.36205068450957,0,15,15,3
11,"Acinetobacter.clacoaceticus.2_35_TSB_Bae, Y.M., Zheng, L., Hyun, J.E., Jung, K.S., Heu, S. and Lee, S.Y., 2014. Growth characteristics and biofilm formation of various spoilage bacteria isolated from fresh produce. Journal of food science, 79(10), pp.M2072-M2080._1",OD_595,cubic,-39.80100114211403,0,16,16,4
12,"Acinetobacter.clacoaceticus.2_5_TSB_Bae, Y.M., Zheng, L., Hyun, J.E., Jung, K.S., Heu, S. and Lee, S.Y., 2014. Growth characteristics and biofilm formation of various spoilage bacteria isolated from fresh produce. Journal of food science, 79(10), pp.M2072-M2080._1",OD_595,quadratic,-222.8761982285124,0,29,29,3
13,"Aerobic Mesophilic._10_Cooked Chicken Breast_Galarz, L.A., Fonseca, G.G. and Prentice, C., 2016. Predicting bacterial growth in raw, salted, and cooked chicken breast fillets during storage. Food Science and Technology International, 22(6), pp.461-474._1",CFU,logistic,173.95578985346478,0,11,11,3
14,"Aerobic Mesophilic._10_Raw Chicken Breast_Galarz, L.A., Fonseca, G.G. and Prentice, C., 2016. Predicting bacterial growth in raw, salted, and cooked chicken breast fillets during storage. Food Science and Technology International, 22(6), pp.461-474._1",CFU,logistic,111.8805533912862,0,10,10,3
15,"Aerobic Mesophilic._10_Salted Chicken Breast_Galarz, L.A., Fonseca, G.G. and Prentice, C., 2016. Predicting bacterial growth in raw, salted, and cooked chicken breast fillets during storage. Food Science and Technology International, 22(6), pp.461-474._1",CFU,cubic,125.5960762566828,0,12,12,4
16,"Aerobic Mesophilic._15_Cooked Chicken Breast_Galarz, L.A., Fonseca, G.G. and Prentice, C., 2016. Predicting bacterial growth in raw, salted, and cooked chicken breast fillets during storage. Food Science and Technology International, 22(6), pp.461-474._1",CFU,logistic,79.31728486849131,0,9,9,3
17,"Aerobic Mesophilic._15_Raw Chicken Breast_Galarz, L.A., Fonseca, G.G. and Prentice, C., 2016. Predicting bacterial growth in raw, salted, and cooked chicken breast fillets during storage. Food Science and Technology International, 22(6), pp.461-474._1",CFU,logistic,113.88203977361364,0,9,9,3
18,"Aerobic Mesophilic._15_Salted Chicken Breast_Galarz, L.A., Fonseca, G.G. and Prentice, C., 2016. Predicting bacterial growth in raw, salted, and cooked chicken breast fillets during storage. Food Science and Technology International, 22(6), pp.461-474._1",CFU,cubic,65.5829940255207,0,8,8,4
19,"Aerobic Mesophilic._20_Cooked Chicken Breast_Galarz, L.A., Fonseca, G.G. and Prentice, C., 2016. Predicting bacterial growth in raw, salted, and cooked chicken breast fillets during storage. Food Science and Technology International, 22(6), pp.461-474._1",CFU,quadratic,130.94002004336394,0,10,10,3
20,"Aerobic Mesophilic._20_Raw Chicken Breast_Galarz, L.A., Fonseca, G.G. and Prentice, C., 2016. Predicting bacterial growth in raw, salted, and cooked chicken breast fillets during storage. Food Science and Technology International, 22(6), pp.461-474._1",CFU,logistic,67.75437704323234,0,8,8,3
21,"Aerobic Mesophilic._20_Salted Chicken Breast_Galarz, L.A., Fonseca, G.G. and Prentice, C., 2016. Predicting bacterial growth in raw, salted, and cooked chicken breast fillets during storage. Food Science and Technology International, 22(6), pp.461-474._1",CFU,logistic,61.922676544952175,0,8,8,3
22,"Aerobic Mesophilic._2_Cooked Chicken Breast_Galarz, L.A., Fonseca, G.G. and Prentice, C., 2016. Predicting bacterial growth in raw, salted, and cooked chicken breast fillets during storage. Food Science and Technology International, 22(6), pp.461-474._1",CFU,logistic,106.10702353407926,0,9,9,3
23,"Aerobic Mesophilic._2_Raw Chicken Breast_Galarz, L.A., Fonseca, G.G. and Prentice, C., 2016. Predicting bacterial growth in raw, salted, and cooked chicken breast fillets during storage. Food Science and Technology International, 22(6), pp.461-474._1",CFU,logistic,78.4484519077199,0,10,10,3
24,"Aerobic Mesophilic._2_Salted Chicken Breast_Galarz, L.A., Fonseca, G.G. and Prentice, C., 2016. Predicting bacterial growth in raw, salted, and cooked chicken breast fillets during storage. Food Science and Technology International, 22(6), pp.461-474._1",CFU,logistic,54.01687895204982,0,10,10,3
25,"Aerobic Mesophilic._4_Cooked Chicken Breast_Galarz, L.A., Fonseca, G.G. and Prentice, C., 2016. Predicting bacterial growth in raw, salted, and cooked chicken breast fillets during storage. Food Science and Technology International, 22(6), pp.461-474._1",CFU,logistic,116.24001973575449,0,6,6,3
26,"Aerobic Mesophilic._4_Raw Chicken Breast_Galarz, L.A., Fonseca, G.G. and Prentice, C., 2016. Predicting bacterial growth in raw, salted, and cooked chicken breast fillets during storage. Food Science and Technology International, 22(6), pp.461-474._1",CFU,logistic,75.34689792895864,0,7,7,3
27,"Aerobic Mesophilic._4_Salted Chicken Breast_Galarz, L.A., Fonseca, G.G. and Prentice, C., 2016. Predicting bacterial growth in raw, salted, and cooked chicken breast fillets during storage. Food Science and Technology International, 22(6), pp.461-474._1",CFU,logistic,45.40404256978941,0,7,7,3
28,"Aerobic Mesophilic._7_Cooked Chicken Breast_Galarz, L.A., Fonseca, G.G. and Prentice, C., 2016. Predicting bacterial growth in raw, salted, and cooked chicken breast fillets during storage. Food Science and Technology International, 22(6), pp.461-474._1",CFU,logistic,205.6539381726897,0,12,12,3
29,"Aerobic Mesophilic._7_Raw Chicken Breast_Galarz, L.A., Fonseca, G.G. and Prentice, C., 2016. Predicting bacterial growth in raw, salted, and cooked chicken breast fillets during storage. Food Science and Technology International, 22(6), pp.461-474._1",CFU,logistic,216.1109770293248,0,14,14,3
30,"Aerobic Mesophilic._7_Salted Chicken Breast_Galarz, L.A., Fonseca, G.G. and Prentice, C., 2016. Predicting bacterial growth in raw, salted, and cooked chicken breast fillets during storage. Food Science and Technology International, 22(6), pp.461-474._1",CFU,logistic,174.06776696533612,0,14,14,3
31,"Aerobic Psychotropic._10_Cooked Chicken Breast_Galarz, L.A., Fonseca, G.G. and Prentice, C., 2016. Predicting bacterial growth in raw, salted, and cooked chicken breast fillets during storage. Food Science and Technology International, 22(6), pp.461-474._1",CFU,logistic,136.40228206521567,0,12,12,3
32,"Aerobic Psychotropic._10_Raw Chicken Breast_Galarz, L.A., Fonseca, G.G. and Prentice, C., 2016. Predicting bacterial growth in raw, salted, and cooked chicken breast fillets during storage. Food Science and Technology International, 22(6), pp.461-474._1",CFU,logistic,133.50238564115136,0,12,12,3
33,"Aerobic Psychotropic._10_Salted Chicken Breast_Galarz, L.A., Fonseca, G.G. and Prentice, C., 2016. Predicting bacterial growth in raw, salted, and cooked chicken breast fillets during storage. Food Science and Technology International, 22(6), pp.461-474._1",CFU,logistic,143.88103941658704,0,12,12,3
34,"Aerobic Psychotropic._15_Cooked Chicken Breast_Galarz, L.A., Fonseca, G.G. and Prentice, C., 2016. Predicting bacterial growth in raw, salted, and cooked chicken breast fillets during storage. Food Science and Technology International, 22(6), pp.461-474._1",CFU,logistic,83.48762913053996,0,9,9,3
35,"Aerobic Psychotropic._15_Raw Chicken Breast_Galarz, L.A., Fonseca, G.G. and Prentice, C., 2016. Predicting bacterial growth in raw, salted, and cooked chicken breast fillets during storage. Food Science and Technology International, 22(6), pp.461-474._1",CFU,logistic,89.060477362701,0,10,10,3
36,"Aerobic Psychotropic._15_Salted Chicken Breast_Galarz, L.A., Fonseca, G.G. and Prentice, C., 2016. Predicting bacterial growth in raw, salted, and cooked chicken breast fillets during storage. Food Science and Technology International, 22(6), pp.461-474._1",CFU,logistic,62.52988252232942,0,9,9,3
37,"Aerobic Psychotropic._20_Cooked Chicken Breast_Galarz, L.A., Fonseca, G.G. and Prentice, C., 2016. Predicting bacterial growth in raw, salted, and cooked chicken breast fillets during storage. Food Science and Technology International, 22(6), pp.461-474._1",CFU,logistic,83.46136158765269,0,9,9,3
38,"Aerobic Psychotropic._20_Raw Chicken Breast_Galarz, L.A., Fonseca, G.G. and Prentice, C., 2016. Predicting bacterial growth in raw, salted, and cooked chicken breast fillets during storage. Food Science and Technology International, 22(6), pp.461-474._1",CFU,logistic,75.17894827070998,0,8,8,3
39,"Aerobic Psychotropic._20_Salted Chicken Breast_Galarz, L.A., Fonseca, G.G. and Prentice, C., 2016. Predicting bacterial growth in raw, salted, and cooked chicken breast fillets during storage. Food Science and Technology International, 22(6), pp.461-474._1",CFU,logistic,52.34140566716145,0,6,6,3
40,"Aerobic Psychotropic._2_Cooked Chicken Breast_Galarz, L.A., Fonseca, G.G. and Prentice, C., 2016. Predicting bacterial growth in raw, salted, and cooked chicken breast fillets during storage. Food Science and Technology International, 22(6), pp.461-474._1",CFU,cubic,97.43378908994671,0,9,9,4
41,"Aerobic Psychotropic._2_Raw Chicken Breast_Galarz, L.A., Fonseca, G.G. and Prentice, C., 2016. Predicting bacterial growth in raw, salted, and cooked chicken breast fillets during storage. Food Science and Technology International, 22(6), pp.461-474._1",CFU,logistic,78.10848555862297,0,10,10,3
42,"Aerobic Psychotropic._2_Salted Chicken Breast_Galarz, L.A., Fonseca, G.G. and Prentice, C., 2016. Predicting bacterial growth in raw, salted, and cooked chicken breast fillets during storage. Food Science and Technology International, 22(6), pp.461-474._1",CFU,cubic,85.1863665294504,0,10,10,4
43,"Aerobic Psychotropic._4_Cooked Chicken Breast_Galarz, L.A., Fonseca, G.G. and Prentice, C., 2016. Predicting bacterial growth in raw, salted, and cooked chicken breast fillets during storage. Food Science and Technology International, 22(6), pp.461-474._1",CFU,logistic,84.08904372074939,0,7,7,3
44,"Aerobic Psychotropic._4_Raw Chicken Breast_Galarz, L.A., Fonseca, G.G. and Prentice, C., 2016. Predicting bacterial growth in raw, salted, and cooked chicken breast fillets during storage. Food Science and Technology International, 22(6), pp.461-474._1",CFU,cubic,81.8292672103041,0,6,6,4
45,"Aerobic Psychotropic._4_Salted Chicken Breast_Galarz, L.A., Fonseca, G.G. and Prentice, C., 2016. Predicting bacterial growth in raw, salted, and cooked chicken breast fillets during storage. Food Science and Technology International, 22(6), pp.461-474._1",CFU,logistic,50.28750524619931,0,6,6,3
46,"Aerobic Psychotropic._7_Cooked Chicken Breast_Galarz, L.A., Fonseca, G.G. and Prentice, C., 2016. Predicting bacterial growth in raw, salted, and cooked chicken breast fillets during storage. Food Science and Technology International, 22(6), pp.461-474._1",CFU,logistic,165.20786854060248,0,14,14,3
47,"Aerobic Psychotropic._7_Raw Chicken Breast_Galarz, L.A., Fonseca, G.G. and Prentice, C., 2016. Predicting bacterial growth in raw, salted, and cooked chicken breast fillets during storage. Food Science and Technology International, 22(6), pp.461-474._1",CFU,logistic,204.39130426866748,0,13,13,3
48,"Aerobic Psychotropic._7_Salted Chicken Breast_Galarz, L.A., Fonseca, G.G. and Prentice, C., 2016. Predicting bacterial growth in raw, salted, and cooked chicken breast fillets during storage. Food Science and Technology International, 22(6), pp.461-474._1",CFU,logistic,182.11911346179025,0,15,15,3
49,"Arthrobacter aurescens_0_TGE agar_Roth, N.G. and Wheaton, R.B., 1962. Continuity of psychrophilic and mesophilic growth characteristics in the genus Arthrobacter. Journal of bacteriology, 83(3), pp.551-555._1",CFU,logistic,121.17226686349902,0,17,17,3
50,"Arthrobacter aurescens_20_TGE agar_Roth, N.G. and Wheaton, R.B., 1962. Continuity of psychrophilic and mesophilic growth characteristics in the genus Arthrobacter. Journal of bacteriology, 83(3), pp.551-555._1",CFU,logistic,76.27671854319519,0,8,8,3
51,"Arthrobacter aurescens_30_TGE agar_Roth, N.G. and Wheaton, R.B., 1962. Continuity of psychrophilic and mesophilic growth characteristics in the genus Arthrobacter. Journal of bacteriology, 83(3), pp.551-555._1",CFU,cubic,51.10432138364747,0,5,5,4
52,"Arthrobacter aurescens_37_TGE agar_Roth, N.G. and Wheaton, R.B., 1962. Continuity of psychrophilic and mesophilic growth characteristics in the genus Arthrobacter. Journal of bacteriology, 83(3), pp.551-555._1",CFU,logistic,38.224908800550494,0,8,8,3
53,"Arthrobacter aurescens_7_TGE agar_Roth, N.G. and Wheaton, R.B., 1962. Continuity of psychrophilic and mesophilic growth characteristics in the genus Arthrobacter. Journal of bacteriology, 83(3), pp.551-555._1",CFU,logistic,110.75317739640718,0,11,11,3
54,"Arthrobacter citreus_0_TGE agar_Roth, N.G. and Wheaton, R.B., 1962. Continuity of psychrophilic and mesophilic growth characteristics in the genus Arthrobacter. Journal of bacteriology, 83(3), pp.551-555._1",CFU,logistic,77.13468542898211,0,14,14,3
55,"Arthrobacter citreus_20_TGE agar_Roth, N.G. and Wheaton, R.B., 1962. Continuity of psychrophilic and mesophilic growth characteristics in the genus Arthrobacter. Journal of bacteriology, 83(3), pp.551-555._1",CFU,logistic,77.50123924709803,0,8,8,3
56,"Arthrobacter citreus_30_TGE agar_Roth, N.G. and Wheaton, R.B., 1962. Continuity of psychrophilic and mesophilic growth characteristics in the genus Arthrobacter. Journal of bacteriology, 83(3), pp.551-555._1",CFU,logistic,78.24542407489585,0,9,9,3
57,"Arthrobacter citreus_37_TGE agar_Roth, N.G. and Wheaton, R.B., 1962. Continuity of psychrophilic and mesophilic growth characteristics in the genus Arthrobacter. Journal of bacteriology, 83(3), pp.551-555._1",CFU,logistic,98.15411312617935,0,9,9,3
58,"Arthrobacter citreus_7_TGE agar_Roth, N.G. and Wheaton, R.B., 1962. Continuity of psychrophilic and mesophilic growth characteristics in the genus Arthrobacter. Journal of bacteriology, 83(3), pp.551-555._1",CFU,logistic,84.0529883101892,0,10,10,3
59,"Arthrobacter globiformis_0_TGE agar_Roth, N.G. and Wheaton, R.B., 1962. Continuity of psychrophilic and mesophilic growth characteristics in the genus Arthrobacter. Journal of bacteriology, 83(3), pp.551-555._1",CFU,quadratic,-114.2395320148544,0,19,19,3
60,"Arthrobacter globiformis_20_TGE agar_Roth, N.G. and Wheaton, R.B., 1962. Continuity of psychrophilic and mesophilic growth characteristics in the genus Arthrobacter. Journal of bacteriology, 83(3), pp.551-555._1",CFU,cubic,60.67892737910236,0,8,8,4
61,"Arthrobacter globiformis_30_TGE agar_Roth, N.G. and Wheaton, R.B., 1962. Continuity of psychrophilic and mesophilic growth characteristics in the genus Arthrobacter. Journal of bacteriology, 83(3), pp.551-555._1",CFU,logistic,61.35635198765734,0,8,8,3
62,"Arthrobacter globiformis_37_TGE agar_Roth, N.G. and Wheaton, R.B., 1962. Continuity of psychrophilic and mesophilic growth characteristics in the genus Arthrobacter. Journal of bacteriology, 83(3), pp.551-555._1",CFU,cubic,53.079713383221446,0,7,7,4
63,"Arthrobacter globiformis_7_TGE agar_Roth, N.G. and Wheaton, R.B., 1962. Continuity of psychrophilic and mesophilic growth characteristics in the genus Arthrobacter. Journal of bacteriology, 83(3), pp.551-555._1",CFU,cubic,107.19471044084705,0,17,17,4
64,"Arthrobacter simplex_0_TGE agar_Roth, N.G. and Wheaton, R.B., 1962. Continuity of psychrophilic and mesophilic growth characteristics in the genus Arthrobacter. Journal of bacteriology, 83(3), pp.551-555._1",CFU,quadratic,-102.05527900992747,0,18,18,3
65,"Arthrobacter simplex_20_TGE agar_Roth, N.G. and Wheaton, R.B., 1962. Continuity of psychrophilic and mesophilic growth characteristics in the genus Arthrobacter. Journal of bacteriology, 83(3), pp.551-555._1",CFU,quadratic,71.83871151917093,0,7,7,3
66,"Arthrobacter simplex_30_TGE agar_Roth, N.G. and Wheaton, R.B., 1962. Continuity of psychrophilic and mesophilic growth characteristics in the genus Arthrobacter. Journal of bacteriology, 83(3), pp.551-555._1",CFU,cubic,71.46291502534895,0,8,8,4
67,"Arthrobacter simplex_37_TGE agar_Roth, N.G. and Wheaton, R.B., 1962. Continuity of psychrophilic and mesophilic growth characteristics in the genus Arthrobacter. Journal of bacteriology, 83(3), pp.551-555._1",CFU,logistic,69.76102747475643,0,8,8,3
68,"Arthrobacter simplex_7_TGE agar_Roth, N.G. and Wheaton, R.B., 1962. Continuity of psychrophilic and mesophilic growth characteristics in the genus Arthrobacter. Journal of bacteriology, 83(3), pp.551-555._1",CFU,logistic,124.92518957762492,0,14,14,3
69,"Arthrobacter sp. 62_0_TGE agar_Roth, N.G. and Wheaton, R.B., 1962. Continuity of psychrophilic and mesophilic growth characteristics in the genus Arthrobacter. Journal of bacteriology, 83(3), pp.551-555._1",CFU,logistic,169.55311626637405,0,18,18,3
70,"Arthrobacter sp. 62_20_TGE agar_Roth, N.G. and Wheaton, R.B., 1962. Continuity of psychrophilic and mesophilic growth characteristics in the genus Arthrobacter. Journal of bacteriology, 83(3), pp.551-555._1",CFU,logistic,92.74469911324556,0,9,9,3
71,"Arthrobacter sp. 62_30_TGE agar_Roth, N.G. and Wheaton, R.B., 1962. Continuity of psychrophilic and mesophilic growth characteristics in the genus Arthrobacter. Journal of bacteriology, 83(3), pp.551-555._1",CFU,quadratic,-49.10601312967589,0,10,10,3
72,"Arthrobacter sp. 62_37_TGE agar_Roth, N.G. and Wheaton, R.B., 1962. Continuity of psychrophilic and mesophilic growth characteristics in the genus Arthrobacter. Journal of bacteriology, 83(3), pp.551-555._1",CFU,quadratic,-86.59187156694753,0,16,16,3
73,"Arthrobacter sp. 62_7_TGE agar_Roth, N.G. and Wheaton, R.B., 1962. Continuity of psychrophilic and mesophilic growth characteristics in the genus Arthrobacter. Journal of bacteriology, 83(3), pp.551-555._1",CFU,logistic,131.0470154255403,0,12,12,3
74,"Arthrobacter sp. 77_0_TGE agar_Roth, N.G. and Wheaton, R.B., 1962. Continuity of psychrophilic and mesophilic growth characteristics in the genus Arthrobacter. Journal of bacteriology, 83(3), pp.551-555._1",CFU,cubic,178.8059402313243,0,19,19,4
75,"Arthrobacter sp. 77_20_TGE agar_Roth, N.G. and Wheaton, R.B., 1962. Continuity of psychrophilic and mesophilic growth characteristics in the genus Arthrobacter. Journal of bacteriology, 83(3), pp.551-555._1",CFU,logistic,68.75170054765292,0,7,7,3
76,"Arthrobacter sp. 77_30_TGE agar_Roth, N.G. and Wheaton, R.B., 1962. Continuity of psychrophilic and mesophilic growth characteristics in the genus Arthrobacter. Journal of bacteriology, 83(3), pp.551-555._1",CFU,logistic,81.67981151516744,0,10,10,3
77,"Arthrobacter sp. 77_37_TGE agar_Roth, N.G. and Wheaton, R.B., 1962. Continuity of psychrophilic and mesophilic growth characteristics in the genus Arthrobacter. Journal of bacteriology, 83(3), pp.551-555._1",CFU,cubic,-93.09253257889117,0,17,17,4
78,"Arthrobacter sp. 77_7_TGE agar_Roth, N.G. and Wheaton, R.B., 1962. Continuity of psychrophilic and mesophilic growth characteristics in the genus Arthrobacter. Journal of bacteriology, 83(3), pp.551-555._1",CFU,logistic,146.8726190402416,0,13,13,3
79,"Arthrobacter sp. 88_0_TGE agar_Roth, N.G. and Wheaton, R.B., 1962. Continuity of psychrophilic and mesophilic growth characteristics in the genus Arthrobacter. Journal of bacteriology, 83(3), pp.551-555._1",CFU,logistic,84.10134258277243,0,13,13,3
80,"Arthrobacter sp. 88_20_TGE agar_Roth, N.G. and Wheaton, R.B., 1962. Continuity of psychrophilic and mesophilic growth characteristics in the genus Arthrobacter. Journal of bacteriology, 83(3), pp.551-555._1",CFU,logistic,191.63852185347247,0,14,14,3
81,"Arthrobacter sp. 88_30_TGE agar_Roth, N.G. and Wheaton, R.B., 1962. Continuity of psychrophilic and mesophilic growth characteristics in the genus Arthrobacter. Journal of bacteriology, 83(3), pp.551-555._1",CFU,cubic,124.985032041524,0,11,11,4
82,"Arthrobacter sp. 88_37_TGE agar_Roth, N.G. and Wheaton, R.B., 1962. Continuity of psychrophilic and mesophilic growth characteristics in the genus Arthrobacter. Journal of bacteriology, 83(3), pp.551-555._1",CFU,quadratic,-83.29847045761818,0,16,16,3
83,"Arthrobacter sp. 88_7_TGE agar_Roth, N.G. and Wheaton, R.B., 1962. Continuity of psychrophilic and mesophilic growth characteristics in the genus Arthrobacter. Journal of bacteriology, 83(3), pp.551-555._1",CFU,logistic,63.63628042116285,0,9,9,3
84,"Bacillus.pumilus..RDA.R._15_TSB_Bae, Y.M., Zheng, L., Hyun, J.E., Jung, K.S., Heu, S. and Lee, S.Y., 2014. Growth characteristics and biofilm formation of various spoilage bacteria isolated from fresh produce. Journal of food science, 79(10), pp.M2072-M2080._1",OD_595,cubic,-152.76183018217847,0,22,22,4
85,"Bacillus.pumilus..RDA.R._25_TSB_Bae, Y.M., Zheng, L., Hyun, J.E., Jung, K.S., Heu, S. and Lee, S.Y., 2014. Growth characteristics and biofilm formation of various spoilage bacteria isolated from fresh produce. Journal of food science, 79(10), pp.M2072-M2080._1",OD_595,cubic,-99.33644756784598,0,15,15,4
86,"Bacillus.pumilus..RDA.R._35_TSB_Bae, Y.M., Zheng, L., Hyun, J.E., Jung, K.S., Heu, S. and Lee, S.Y., 2014. Growth characteristics and biofilm formation of various spoilage bacteria isolated from fresh produce. Journal of food science, 79(10), pp.M2072-M2080._1",OD_595,cubic,-74.1870651430975,0,17,17,4
87,"Bacillus.pumilus..RDA.R._5_TSB_Bae, Y.M., Zheng, L., Hyun, J.E., Jung, K.S., Heu, S. and Lee, S.Y., 2014. Growth characteristics and biofilm formation of various spoilage bacteria isolated from fresh produce. Journal of food science, 79(10), pp.M2072-M2080._1",OD_595,quadratic,-262.5875817245843,0,29,29,3
88,"Bacillus.pumilus_15_TSB_Bae, Y.M., Zheng, L., Hyun, J.E., Jung, K.S., Heu, S. and Lee, S.Y., 2014. Growth characteristics and biofilm formation of various spoilage bacteria isolated from fresh produce. Journal of food science, 79(10), pp.M2072-M2080._1",OD_595,cubic,-133.37509216198828,0,22,22,4
89,"Bacillus.pumilus_25_TSB_Bae, Y.M., Zheng, L., Hyun, J.E., Jung, K.S., Heu, S. and Lee, S.Y., 2014. Growth characteristics and biofilm formation of various spoilage bacteria isolated from fresh produce. Journal of food science, 79(10), pp.M2072-M2080._1",OD_595,quadratic,-94.04140709116244,0,14,14,3
90,"Bacillus.pumilus_35_TSB_Bae, Y.M., Zheng, L., Hyun, J.E., Jung, K.S., Heu, S. and Lee, S.Y., 2014. Growth characteristics and biofilm formation of various spoilage bacteria isolated from fresh produce. Journal of food science, 79(10), pp.M2072-M2080._1",OD_595,cubic,-81.6165457107961,0,15,15,4
91,"Bacillus.pumilus_5_TSB_Bae, Y.M., Zheng, L., Hyun, J.E., Jung, K.S., Heu, S. and Lee, S.Y., 2014. Growth characteristics and biofilm formation of various spoilage bacteria isolated from fresh produce. Journal of food science, 79(10), pp.M2072-M2080._1",OD_595,quadratic,-275.6758990251181,0,29,29,3
92,"Chryseobacterium.balustinum_15_TSB_Bae, Y.M., Zheng, L., Hyun, J.E., Jung, K.S., Heu, S. and Lee, S.Y., 2014. Growth characteristics and biofilm formation of various spoilage bacteria isolated from fresh produce. Journal of food science, 79(10), pp.M2072-M2080._1",OD_595,cubic,-127.11292196975812,0,22,22,4
93,"Chryseobacterium.balustinum_25_TSB_Bae, Y.M., Zheng, L., Hyun, J.E., Jung, K.S., Heu, S. and Lee, S.Y., 2014. Growth characteristics and biofilm formation of various spoilage bacteria isolated from fresh produce. Journal of food science, 79(10), pp.M2072-M2080._1",OD_595,quadratic,-58.393347481212494,0,12,12,3
94,"Chryseobacterium.balustinum_35_TSB_Bae, Y.M., Zheng, L., Hyun, J.E., Jung, K.S., Heu, S. and Lee, S.Y., 2014. Growth characteristics and biofilm formation of various spoilage bacteria isolated from fresh produce. Journal of food science, 79(10), pp.M2072-M2080._1",OD_595,quadratic,-69.79646309226274,0,15,15,3
95,"Chryseobacterium.balustinum_5_TSB_Bae, Y.M., Zheng, L., Hyun, J.E., Jung, K.S., Heu, S. and Lee, S.Y., 2014. Growth characteristics and biofilm formation of various spoilage bacteria isolated from fresh produce. Journal of food science, 79(10), pp.M2072-M2080._1",OD_595,quadratic,-189.9243617199819,0,29,29,3
96,"Clavibacter.michiganensis..RDA.R._15_TSB_Bae, Y.M., Zheng, L., Hyun, J.E., Jung, K.S., Heu, S. and Lee, S.Y., 2014. Growth characteristics and biofilm formation of various spoilage bacteria isolated from fresh produce. Journal of food science, 79(10), pp.M2072-M2080._1",OD_595,cubic,-82.16415014968429,0,24,24,4
97,"Clavibacter.michiganensis..RDA.R._25_TSB_Bae, Y.M., Zheng, L., Hyun, J.E., Jung, K.S., Heu, S. and Lee, S.Y., 2014. Growth characteristics and biofilm formation of various spoilage bacteria isolated from fresh produce. Journal of food science, 79(10), pp.M2072-M2080._1",OD_595,cubic,-70.80143894107779,0,17,17,4
98,"Clavibacter.michiganensis..RDA.R._35_TSB_Bae, Y.M., Zheng, L., Hyun, J.E., Jung, K.S., Heu, S. and Lee, S.Y., 2014. Growth characteristics and biofilm formation of various spoilage bacteria isolated from fresh produce. Journal of food science, 79(10), pp.M2072-M2080._1",OD_595,logistic,-56.1535921288464,0,17,17,3
99,"Clavibacter.michiganensis..RDA.R._5_TSB_Bae, Y.M., Zheng, L., Hyun, J.E., Jung, K.S., Heu, S. and Lee, S.Y., 2014. Growth characteristics and biofilm formation of various spoilage bacteria isolated from fresh produce. Journal of food science, 79(10), pp.M2072-M2080._1",OD_595,cubic,-199.7464629819878,0,29,29,4
100,"Clavibacter.michiganensis_15_TSB_Bae, Y.M., Zheng, L., Hyun, J.E., Jung, K.S., Heu, S. and Lee, S.Y., 2014. Growth characteristics and biofilm formation of various spoilage bacteria isolated from fresh produce. Journal of food science, 79(10), pp.M2072-M2080._1",OD_595,cubic,-77.51260015674484,0,24,24,4
101,"Clavibacter.michiganensis_25_TSB_Bae, Y.M., Zheng, L., Hyun, J.E., Jung, K.S., Heu, S. and Lee, S.Y., 2014. Growth characteristics and biofilm formation of various spoilage bacteria isolated from fresh produce. Journal of food science, 79(10), pp.M2072-M2080._1",OD_595,cubic,-64.71978476957028,0,15,15,4
102,"Clavibacter.michiganensis_35_TSB_Bae, Y.M., Zheng, L., Hyun, J.E., Jung, K.S., Heu, S. and Lee, S.Y., 2014. Growth characteristics and biofilm formation of various spoilage bacteria isolated from fresh produce. Journal of food science, 79(10), pp.M2072-M2080._1",OD_595,logistic,-76.51262629611526,0,17,17,3
103,"Clavibacter.michiganensis_5_TSB_Bae, Y.M., Zheng, L., Hyun, J.E., Jung, K.S., Heu, S. and Lee, S.Y., 2014. Growth characteristics and biofilm formation of various spoilage bacteria isolated from fresh produce. Journal of food science, 79(10), pp.M2072-M2080._1",OD_595,cubic,-190.81383401795827,0,29,29,4
104,"Dickeya.zeae..RDA.R._15_TSB_Bae, Y.M., Zheng, L., Hyun, J.E., Jung, K.S., Heu, S. and Lee, S.Y., 2014. Growth characteristics and biofilm formation of various spoilage bacteria isolated from fresh produce. Journal of food science, 79(10), pp.M2072-M2080._1",OD_595,cubic,-65.06314295479365,0,23,23,4
105,"Dickeya.zeae..RDA.R._25_TSB_Bae, Y.M., Zheng, L., Hyun, J.E., Jung, K.S., Heu, S. and Lee, S.Y., 2014. Growth characteristics and biofilm formation of various spoilage bacteria isolated from fresh produce. Journal of food science, 79(10), pp.M2072-M2080._1",OD_595,logistic,-49.886658259262006,0,16,16,3
106,"Dickeya.zeae..RDA.R._35_TSB_Bae, Y.M., Zheng, L., Hyun, J.E., Jung, K.S., Heu, S. and Lee, S.Y., 2014. Growth characteristics and biofilm formation of various spoilage bacteria isolated from fresh produce. Journal of food science, 79(10), pp.M2072-M2080._1",OD_595,logistic,4.3815099672249165,0,18,18,3
107,"Dickeya.zeae..RDA.R._5_TSB_Bae, Y.M., Zheng, L., Hyun, J.E., Jung, K.S., Heu, S. and Lee, S.Y., 2014. Growth characteristics and biofilm formation of various spoilage bacteria isolated from fresh produce. Journal of food science, 79(10), pp.M2072-M2080._1",OD_595,quadratic,-255.61866766560743,0,29,29,3
108,"Dickeya.zeae_15_TSB_Bae, Y.M., Zheng, L., Hyun, J.E., Jung, K.S., Heu, S. and Lee, S.Y., 2014. Growth characteristics and biofilm formation of various spoilage bacteria isolated from fresh produce. Journal of food science, 79(10), pp.M2072-M2080._1",OD_595,cubic,-41.56709909894549,0,25,25,4
109,"Dickeya.zeae_25_TSB_Bae, Y.M., Zheng, L., Hyun, J.E., Jung, K.S., Heu, S. and Lee, S.Y., 2014. Growth characteristics and biofilm formation of various spoilage bacteria isolated from fresh produce. Journal of food science, 79(10), pp.M2072-M2080._1",OD_595,cubic,-27.03169871256265,0,16,16,4
110,"Dickeya.zeae_35_TSB_Bae, Y.M., Zheng, L., Hyun, J.E., Jung, K.S., Heu, S. and Lee, S.Y., 2014. Growth characteristics and biofilm formation of various spoilage bacteria isolated from fresh produce. Journal of food science, 79(10), pp.M2072-M2080._1",OD_595,logistic,-3.6426472556388663,0,18,18,3
111,"Dickeya.zeae_5_TSB_Bae, Y.M., Zheng, L., Hyun, J.E., Jung, K.S., Heu, S. and Lee, S.Y., 2014. Growth characteristics and biofilm formation of various spoilage bacteria isolated from fresh produce. Journal of food science, 79(10), pp.M2072-M2080._1",OD_595,quadratic,-263.8754571039583,0,29,29,3
112,"Enterobacter.sp._15_TSB_Bae, Y.M., Zheng, L., Hyun, J.E., Jung, K.S., Heu, S. and Lee, S.Y., 2014. Growth characteristics and biofilm formation of various spoilage bacteria isolated from fresh produce. Journal of food science, 79(10), pp.M2072-M2080._1",OD_595,logistic,-100.56940449634172,0,30,30,3
113,"Enterobacter.sp._25_TSB_Bae, Y.M., Zheng, L., Hyun, J.E., Jung, K.S., Heu, S. and Lee, S.Y., 2014. Growth characteristics and biofilm formation of various spoilage bacteria isolated from fresh produce. Journal of food science, 79(10), pp.M2072-M2080._1",OD_595,logistic,-73.24415974378142,0,17,17,3
114,"Enterobacter.sp._35_TSB_Bae, Y.M., Zheng, L., Hyun, J.E., Jung, K.S., Heu, S. and Lee, S.Y., 2014. Growth characteristics and biofilm formation of various spoilage bacteria isolated from fresh produce. Journal of food science, 79(10), pp.M2072-M2080._1",OD_595,logistic,-57.29595947022317,0,17,17,3
115,"Enterobacter.sp._5_TSB_Bae, Y.M., Zheng, L., Hyun, J.E., Jung, K.S., Heu, S. and Lee, S.Y., 2014. Growth characteristics and biofilm formation of various spoilage bacteria isolated from fresh produce. Journal of food science, 79(10), pp.M2072-M2080._1",OD_595,logistic,-173.09851283457166,0,29,29,3
116,"Escherichia coli_10_C02 Beef Striploins_Gill, C.O. and DeLacy, K.M., 1991. Growth of Escherichia coli and Salmonella typhimurium on high-pH beef packed under vacuum or carbon dioxide. International journal of food microbiology, 13(1), pp.21-30._1",N,cubic,105.9809950974626,0,9,9,4
117,"Escherichia coli_10_Vacuum Beef Striploins_Gill, C.O. and DeLacy, K.M., 1991. Growth of Escherichia coli and Salmonella typhimurium on high-pH beef packed under vacuum or carbon dioxide. International journal of food microbiology, 13(1), pp.21-30._1",N,logistic,87.77931392138746,0,6,6,3
118,"Escherichia coli_12_C02 Beef Striploins_Gill, C.O. and DeLacy, K.M., 1991. Growth of Escherichia coli and Salmonella typhimurium on high-pH beef packed under vacuum or carbon dioxide. International journal of food microbiology, 13(1), pp.21-30._1",N,cubic,71.35431785013046,0,8,8,4
119,"Escherichia coli_12_Vacuum Beef Striploins_Gill, C.O. and DeLacy, K.M., 1991. Growth of Escherichia coli and Salmonella typhimurium on high-pH beef packed under vacuum or carbon dioxide. International journal of food microbiology, 13(1), pp.21-30._1",N,logistic,106.38199378899158,0,7,7,3
120,"Escherichia coli_15_C02 Beef Striploins_Gill, C.O. and DeLacy, K.M., 1991. Growth of Escherichia coli and Salmonella typhimurium on high-pH beef packed under vacuum or carbon dioxide. International journal of food microbiology, 13(1), pp.21-30._1",N,logistic,82.75767211463632,0,7,7,3
121,"Escherichia coli_15_Vacuum Beef Striploins_Gill, C.O. and DeLacy, K.M., 1991. Growth of Escherichia coli and Salmonella typhimurium on high-pH beef packed under vacuum or carbon dioxide. International journal of food microbiology, 13(1), pp.21-30._1",N,cubic,76.23248742244506,0,5,5,4
122,"Escherichia coli_20_C02 Beef Striploins_Gill, C.O. and DeLacy, K.M., 1991. Growth of Escherichia coli and Salmonella typhimurium on high-pH beef packed under vacuum or carbon dioxide. International journal of food microbiology, 13(1), pp.21-30._1",N,logistic,102.4439451620513,0,6,6,3
123,"Escherichia coli_20_Vacuum Beef Striploins_Gill, C.O. and DeLacy, K.M., 1991. Growth of Escherichia coli and Salmonella typhimurium on high-pH beef packed under vacuum or carbon dioxide. International journal of food microbiology, 13(1), pp.21-30._1",N,logistic,78.4894309270272,0,6,6,3
124,"Escherichia coli_30_C02 Beef Striploins_Gill, C.O. and DeLacy, K.M., 1991. Growth of Escherichia coli and Salmonella typhimurium on high-pH beef packed under vacuum or carbon dioxide. International journal of food microbiology, 13(1), pp.21-30._1",N,cubic,103.42834316459292,0,7,7,4
125,"Escherichia coli_30_Vacuum Beef Striploins_Gill, C.O. and DeLacy, K.M., 1991. Growth of Escherichia coli and Salmonella typhimurium on high-pH beef packed under vacuum or carbon dioxide. International journal of food microbiology, 13(1), pp.21-30._1",N,logistic,100.77237410932932,0,6,6,3
126,"Escherichia coli_8_Vacuum Beef Striploins_Gill, C.O. and DeLacy, K.M., 1991. Growth of Escherichia coli and Salmonella typhimurium on high-pH beef packed under vacuum or carbon dioxide. International journal of food microbiology, 13(1), pp.21-30._1",N,logistic,67.67477445014349,0,7,7,3
127,"Klebsiella.pneumonia..RDA.R._15_TSB_Bae, Y.M., Zheng, L., Hyun, J.E., Jung, K.S., Heu, S. and Lee, S.Y., 2014. Growth characteristics and biofilm formation of various spoilage bacteria isolated from fresh produce. Journal of food science, 79(10), pp.M2072-M2080._1",OD_595,logistic,-113.15809531603198,0,29,29,3
128,"Klebsiella.pneumonia..RDA.R._25_TSB_Bae, Y.M., Zheng, L., Hyun, J.E., Jung, K.S., Heu, S. and Lee, S.Y., 2014. Growth characteristics and biofilm formation of various spoilage bacteria isolated from fresh produce. Journal of food science, 79(10), pp.M2072-M2080._1",OD_595,logistic,-73.62351019380095,0,17,17,3
129,"Klebsiella.pneumonia..RDA.R._35_TSB_Bae, Y.M., Zheng, L., Hyun, J.E., Jung, K.S., Heu, S. and Lee, S.Y., 2014. Growth characteristics and biofilm formation of various spoilage bacteria isolated from fresh produce. Journal of food science, 79(10), pp.M2072-M2080._1",OD_595,logistic,-90.3338906117974,0,18,18,3
130,"Klebsiella.pneumonia..RDA.R._5_TSB_Bae, Y.M., Zheng, L., Hyun, J.E., Jung, K.S., Heu, S. and Lee, S.Y., 2014. Growth characteristics and biofilm formation of various spoilage bacteria isolated from fresh produce. Journal of food science, 79(10), pp.M2072-M2080._1",OD_595,quadratic,-260.31107281731994,0,29,29,3
131,"Klebsiella.pneumonia_15_TSB_Bae, Y.M., Zheng, L., Hyun, J.E., Jung, K.S., Heu, S. and Lee, S.Y., 2014. Growth characteristics and biofilm formation of various spoilage bacteria isolated from fresh produce. Journal of food science, 79(10), pp.M2072-M2080._1",OD_595,logistic,-113.52269830011888,0,34,34,3
132,"Klebsiella.pneumonia_25_TSB_Bae, Y.M., Zheng, L., Hyun, J.E., Jung, K.S., Heu, S. and Lee, S.Y., 2014. Growth characteristics and biofilm formation of various spoilage bacteria isolated from fresh produce. Journal of food science, 79(10), pp.M2072-M2080._1",OD_595,logistic,-67.15643924201058,0,17,17,3
133,"Klebsiella.pneumonia_35_TSB_Bae, Y.M., Zheng, L., Hyun, J.E., Jung, K.S., Heu, S. and Lee, S.Y., 2014. Growth characteristics and biofilm formation of various spoilage bacteria isolated from fresh produce. Journal of food science, 79(10), pp.M2072-M2080._1",OD_595,logistic,-105.1221485786944,0,18,18,3
134,"Klebsiella.pneumonia_5_TSB_Bae, Y.M., Zheng, L., Hyun, J.E., Jung, K.S., Heu, S. and Lee, S.Y., 2014. Growth characteristics and biofilm formation of various spoilage bacteria isolated from fresh produce. Journal of food science, 79(10), pp.M2072-M2080._1",OD_595,logistic,-158.06677465486783,0,29,29,3
135,"Lactobacillus plantarum_12_MRS broth_Silva, A.P.R.D., Longhi, D.A., Dalcanton, F. and Aragão, G.M.F.D., 2018. Modelling the growth of lactic acid bacteria at different temperatures. Brazilian Archives of Biology and Technology, 61._1",N,logistic,599.8480186319912,0,16,16,3
136,"Lactobacillus plantarum_16_MRS broth_Silva, A.P.R.D., Longhi, D.A., Dalcanton, F. and Aragão, G.M.F.D., 2018. Modelling the growth of lactic acid bacteria at different temperatures. Brazilian Archives of Biology and Technology, 61._1",N,logistic,758.0317430023663,0,18,18,3
137,"Lactobacillus plantarum_20_MRS broth_Silva, A.P.R.D., Longhi, D.A., Dalcanton, F. and Aragão, G.M.F.D., 2018. Modelling the growth of lactic acid bacteria at different temperatures. Brazilian Archives of Biology and Technology, 61._1",N,logistic,663.3715538949629,0,16,16,3
138,"Lactobacillus plantarum_30_MRS broth_Silva, A.P.R.D., Longhi, D.A., Dalcanton, F. and Aragão, G.M.F.D., 2018. Modelling the growth of lactic acid bacteria at different temperatures. Brazilian Archives of Biology and Technology, 61._1",N,logistic,571.2656212011897,0,13,13,3
139,"Lactobacillus plantarum_8_MRS broth_Silva, A.P.R.D., Longhi, D.A., Dalcanton, F. and Aragão, G.M.F.D., 2018. Modelling the growth of lactic acid bacteria at different temperatures. Brazilian Archives of Biology and Technology, 61._1",N,logistic,137.45831811623339,0,11,11,3
140,"Lactobacillus sakei_12_MRS broth_Silva, A.P.R.D., Longhi, D.A., Dalcanton, F. and Aragão, G.M.F.D., 2018. Modelling the growth of lactic acid bacteria at different temperatures. Brazilian Archives of Biology and Technology, 61._1",N,logistic,533.2794487058115,0,13,13,3
141,"Lactobacillus sakei_16_MRS broth_Silva, A.P.R.D., Longhi, D.A., Dalcanton, F. and Aragão, G.M.F.D., 2018. Modelling the growth of lactic acid bacteria at different temperatures. Brazilian Archives of Biology and Technology, 61._1",N,logistic,576.0545897053877,0,14,14,3
142,"Lactobacillus sakei_20_MRS broth_Silva, A.P.R.D., Longhi, D.A., Dalcanton, F. and Aragão, G.M.F.D., 2018. Modelling the growth of lactic acid bacteria at different temperatures. Brazilian Archives of Biology and Technology, 61._1",N,logistic,528.3547086124364,0,13,13,3
143,"Lactobacillus sakei_30_MRS broth_Silva, A.P.R.D., Longhi, D.A., Dalcanton, F. and Aragão, G.M.F.D., 2018. Modelling the growth of lactic acid bacteria at different temperatures. Brazilian Archives of Biology and Technology, 61._1",N,logistic,457.1913708959297,0,11,11,3
144,"Lactobacillus sakei_4_MRS broth_Silva, A.P.R.D., Longhi, D.A., Dalcanton, F. and Aragão, G.M.F.D., 2018. Modelling the growth of lactic acid bacteria at different temperatures. Brazilian Archives of Biology and Technology, 61._1",N,logistic,168.6822233119016,0,9,9,3
145,"Lactobacillus sakei_8_MRS broth_Silva, A.P.R.D., Longhi, D.A., Dalcanton, F. and Aragão, G.M.F.D., 2018. Modelling the growth of lactic acid bacteria at different temperatures. Brazilian Archives of Biology and Technology, 61._1",N,logistic,661.8330918861789,0,19,19,3
146,"Lactobaciulus plantarum_10_MRS_Zwietering, M.H., De Wit, J.C., Cuppers, H.G.A.M. and Van't Riet, K., 1994. Modeling of bacterial growth with shifts in temperature. Appl. Environ. Microbiol., 60(1), pp.204-213._1",N,cubic,2429.0795400061693,0,151,151,4
147,"Lactobaciulus plantarum_15_MRS_Zwietering, M.H., De Wit, J.C., Cuppers, H.G.A.M. and Van't Riet, K., 1994. Modeling of bacterial growth with shifts in temperature. Appl. Environ. Microbiol., 60(1), pp.204-213._1",N,cubic,1628.895702312584,0,87,87,4
148,"Lactobaciulus plantarum_20_MRS_Zwietering, M.H., De Wit, J.C., Cuppers, H.G.A.M. and Van't Riet, K., 1994. Modeling of bacterial growth with shifts in temperature. Appl. Environ. Microbiol., 60(1), pp.204-213._1",N,logistic,1926.2047705351067,0,108,108,3
149,"Lactobaciulus plantarum_25_MRS_Zwietering, M.H., De Wit, J.C., Cuppers, H.G.A.M. and Van't Riet, K., 1994. Modeling of bacterial growth with shifts in temperature. Appl. Environ. Microbiol., 60(1), pp.204-213._1",N,logistic,1632.846125744852,0,87,87,3
150,"Oscillatoria agardhii Strain 97_15_Z8_Sivonen, K., 1990. Effects of light, temperature, nitrate, orthophosphate, and bacteria on growth of and hepatotoxin production by Oscillatoria agardhii strains. Appl. Environ. Microbiol., 56(9), pp.2658-2666._1",DryWeight,logistic,16.20302212741503,0,7,7,3
151,"Oscillatoria agardhii Strain 97_20_Z8_Sivonen, K., 1990. Effects of light, temperature, nitrate, orthophosphate, and bacteria on growth of and hepatotoxin production by Oscillatoria agardhii strains. Appl. Environ. Microbiol., 56(9), pp.2658-2666._1",DryWeight,logistic,12.069852239631285,0,7,7,3
152,"Oscillatoria agardhii Strain 97_25_Z8_Sivonen, K., 1990. Effects of light, temperature, nitrate, orthophosphate, and bacteria on growth of and hepatotoxin production by Oscillatoria agardhii strains. Appl. Environ. Microbiol., 56(9), pp.2658-2666._1",DryWeight,cubic,6.485239725673542,0,6,6,4
153,"Oscillatoria agardhii Strain 97_30_Z8_Sivonen, K., 1990. Effects of light, temperature, nitrate, orthophosphate, and bacteria on growth of and hepatotoxin production by Oscillatoria agardhii strains. Appl. Environ. Microbiol., 56(9), pp.2658-2666._1",DryWeight,cubic,-7.236847861339699,0,6,6,4
154,"Oscillatoria agardhii StrainCYA 128_15_Z8_Sivonen, K., 1990. Effects of light, temperature, nitrate, orthophosphate, and bacteria on growth of and hepatotoxin production by Oscillatoria agardhii strains. Appl. Environ. Microbiol., 56(9), pp.2658-2666._1",DryWeight,logistic,7.778046675448984,0,7,7,3
155,"Oscillatoria agardhii StrainCYA 128_20_Z8_Sivonen, K., 1990. Effects of light, temperature, nitrate, orthophosphate, and bacteria on growth of and hepatotoxin production by Oscillatoria agardhii strains. Appl. Environ. Microbiol., 56(9), pp.2658-2666._1",DryWeight,logistic,16.6133310527095,0,7,7,3
156,"Oscillatoria agardhii StrainCYA 128_25_Z8_Sivonen, K., 1990. Effects of light, temperature, nitrate, orthophosphate, and bacteria on growth of and hepatotoxin production by Oscillatoria agardhii strains. Appl. Environ. Microbiol., 56(9), pp.2658-2666._1",DryWeight,logistic,4.068778539415635,0,7,7,3
157,"Oscillatoria agardhii StrainCYA 128_30_Z8_Sivonen, K., 1990. Effects of light, temperature, nitrate, orthophosphate, and bacteria on growth of and hepatotoxin production by Oscillatoria agardhii strains. Appl. Environ. Microbiol., 56(9), pp.2658-2666._1",DryWeight,logistic,10.047331146895448,0,7,7,3
158,"Pantoea.agglomerans..RDA.R._15_TSB_Bae, Y.M., Zheng, L., Hyun, J.E., Jung, K.S., Heu, S. and Lee, S.Y., 2014. Growth characteristics and biofilm formation of various spoilage bacteria isolated from fresh produce. Journal of food science, 79(10), pp.M2072-M2080._1",OD_595,cubic,-50.2147159713623,0,23,23,4
159,"Pantoea.agglomerans..RDA.R._25_TSB_Bae, Y.M., Zheng, L., Hyun, J.E., Jung, K.S., Heu, S. and Lee, S.Y., 2014. Growth characteristics and biofilm formation of various spoilage bacteria isolated from fresh produce. Journal of food science, 79(10), pp.M2072-M2080._1",OD_595,cubic,-33.972471792554444,0,17,17,4
160,"Pantoea.agglomerans..RDA.R._35_TSB_Bae, Y.M., Zheng, L., Hyun, J.E., Jung, K.S., Heu, S. and Lee, S.Y., 2014. Growth characteristics and biofilm formation of various spoilage bacteria isolated from fresh produce. Journal of food science, 79(10), pp.M2072-M2080._1",OD_595,logistic,-12.6898949218575,0,17,17,3
161,"Pantoea.agglomerans..RDA.R._5_TSB_Bae, Y.M., Zheng, L., Hyun, J.E., Jung, K.S., Heu, S. and Lee, S.Y., 2014. Growth characteristics and biofilm formation of various spoilage bacteria isolated from fresh produce. Journal of food science, 79(10), pp.M2072-M2080._1",OD_595,logistic,-144.95426021218577,0,29,29,3
162,"Pantoea.agglomerans.1_15_TSB_Bae, Y.M., Zheng, L., Hyun, J.E., Jung, K.S., Heu, S. and Lee, S.Y., 2014. Growth characteristics and biofilm formation of various spoilage bacteria isolated from fresh produce. Journal of food science, 79(10), pp.M2072-M2080._1",OD_595,cubic,-38.35112731240772,0,23,23,4
163,"Pantoea.agglomerans.1_25_TSB_Bae, Y.M., Zheng, L., Hyun, J.E., Jung, K.S., Heu, S. and Lee, S.Y., 2014. Growth characteristics and biofilm formation of various spoilage bacteria isolated from fresh produce. Journal of food science, 79(10), pp.M2072-M2080._1",OD_595,cubic,-26.8187584380924,0,15,15,4
164,"Pantoea.agglomerans.1_35_TSB_Bae, Y.M., Zheng, L., Hyun, J.E., Jung, K.S., Heu, S. and Lee, S.Y., 2014. Growth characteristics and biofilm formation of various spoilage bacteria isolated from fresh produce. Journal of food science, 79(10), pp.M2072-M2080._1",OD_595,cubic,-33.56792916506213,0,16,16,4
165,"Pantoea.agglomerans.1_5_TSB_Bae, Y.M., Zheng, L., Hyun, J.E., Jung, K.S., Heu, S. and Lee, S.Y., 2014. Growth characteristics and biofilm formation of various spoilage bacteria isolated from fresh produce. Journal of food science, 79(10), pp.M2072-M2080._1",OD_595,logistic,-123.01667767298368,0,29,29,3
166,"Pantoea.agglomerans.2_15_TSB_Bae, Y.M., Zheng, L., Hyun, J.E., Jung, K.S., Heu, S. and Lee, S.Y., 2014. Growth characteristics and biofilm formation of various spoilage bacteria isolated from fresh produce. Journal of food science, 79(10), pp.M2072-M2080._1",OD_595,cubic,-17.61464693923977,0,26,26,4
167,"Pantoea.agglomerans.2_25_TSB_Bae, Y.M., Zheng, L., Hyun, J.E., Jung, K.S., Heu, S. and Lee, S.Y., 2014. Growth characteristics and biofilm formation of various spoilage bacteria isolated from fresh produce. Journal of food science, 79(10), pp.M2072-M2080._1",OD_595,cubic,-8.20086982960285,0,15,15,4
168,"Pantoea.agglomerans.2_35_TSB_Bae, Y.M., Zheng, L., Hyun, J.E., Jung, K.S., Heu, S. and Lee, S.Y., 2014. Growth characteristics and biofilm formation of various spoilage bacteria isolated from fresh produce. Journal of food science, 79(10), pp.M2072-M2080._1",OD_595,cubic,-15.602488509222274,0,15,15,4
169,"Pantoea.agglomerans.2_5_TSB_Bae, Y.M., Zheng, L., Hyun, J.E., Jung, K.S., Heu, S. and Lee, S.Y., 2014. Growth characteristics and biofilm formation of various spoilage bacteria isolated from fresh produce. Journal of food science, 79(10), pp.M2072-M2080._1",OD_595,cubic,-81.18573424534667,0,31,31,4
170,"Pectobacterium.carotovorum.subsp..Carotovorum.Pcc2_15_TSB_Bae, Y.M., Zheng, L., Hyun, J.E., Jung, K.S., Heu, S. and Lee, S.Y., 2014. Growth characteristics and biofilm formation of various spoilage bacteria isolated from fresh produce. Journal of food science, 79(10), pp.M2072-M2080._1",OD_595,logistic,-55.4069135005507,0,24,24,3
171,"Pectobacterium.carotovorum.subsp..Carotovorum.Pcc2_25_TSB_Bae, Y.M., Zheng, L., Hyun, J.E., Jung, K.S., Heu, S. and Lee, S.Y., 2014. Growth characteristics and biofilm formation of various spoilage bacteria isolated from fresh produce. Journal of food science, 79(10), pp.M2072-M2080._1",OD_595,logistic,-45.12874525787397,0,17,17,3
172,"Pectobacterium.carotovorum.subsp..Carotovorum.Pcc2_35_TSB_Bae, Y.M., Zheng, L., Hyun, J.E., Jung, K.S., Heu, S. and Lee, S.Y., 2014. Growth characteristics and biofilm formation of various spoilage bacteria isolated from fresh produce. Journal of food science, 79(10), pp.M2072-M2080._1",OD_595,cubic,-40.17915739677671,0,16,16,4
173,"Pectobacterium.carotovorum.subsp..Carotovorum.Pcc2_5_TSB_Bae, Y.M., Zheng, L., Hyun, J.E., Jung, K.S., Heu, S. and Lee, S.Y., 2014. Growth characteristics and biofilm formation of various spoilage bacteria isolated from fresh produce. Journal of food science, 79(10), pp.M2072-M2080._1",OD_595,cubic,-277.74540655556655,0,29,29,4
174,"Pseudomonas sp._12_APT Broth_Stannard, C.J., Williams, A.P. and Gibbs, P.A., 1985. Temperature/growth relationships for psychrotrophic food-spoilage bacteria. Food Microbiology, 2(2), pp.115-122._1",CFU,cubic,200.52545647299647,0,8,8,4
175,"Pseudomonas sp._15_APT Broth_Stannard, C.J., Williams, A.P. and Gibbs, P.A., 1985. Temperature/growth relationships for psychrotrophic food-spoilage bacteria. Food Microbiology, 2(2), pp.115-122._1",CFU,logistic,213.8547183469709,0,8,8,3
176,"Pseudomonas sp._2_APT Broth_Stannard, C.J., Williams, A.P. and Gibbs, P.A., 1985. Temperature/growth relationships for psychrotrophic food-spoilage bacteria. Food Microbiology, 2(2), pp.115-122._1",CFU,logistic,153.954605459831,0,7,7,3
177,"Pseudomonas sp._4_APT Broth_Stannard, C.J., Williams, A.P. and Gibbs, P.A., 1985. Temperature/growth relationships for psychrotrophic food-spoilage bacteria. Food Microbiology, 2(2), pp.115-122._1",CFU,quadratic,149.00297544837466,0,5,5,3
178,"Pseudomonas sp._6_APT Broth_Stannard, C.J., Williams, A.P. and Gibbs, P.A., 1985. Temperature/growth relationships for psychrotrophic food-spoilage bacteria. Food Microbiology, 2(2), pp.115-122._1",CFU,logistic,169.4230372830981,0,6,6,3
179,"Pseudomonas sp._8_APT Broth_Stannard, C.J., Williams, A.P. and Gibbs, P.A., 1985. Temperature/growth relationships for psychrotrophic food-spoilage bacteria. Food Microbiology, 2(2), pp.115-122._1",CFU,cubic,143.3678119086365,0,5,5,4
180,"Pseudomonas spp._10_Cooked Chicken Breast_Galarz, L.A., Fonseca, G.G. and Prentice, C., 2016. Predicting bacterial growth in raw, salted, and cooked chicken breast fillets during storage. Food Science and Technology International, 22(6), pp.461-474._1",CFU,logistic,165.71355717178065,0,11,11,3
181,"Pseudomonas spp._10_Raw Chicken Breast_Galarz, L.A., Fonseca, G.G. and Prentice, C., 2016. Predicting bacterial growth in raw, salted, and cooked chicken breast fillets during storage. Food Science and Technology International, 22(6), pp.461-474._1",CFU,logistic,160.7378780032229,0,13,13,3
182,"Pseudomonas spp._10_Salted Chicken Breast_Galarz, L.A., Fonseca, G.G. and Prentice, C., 2016. Predicting bacterial growth in raw, salted, and cooked chicken breast fillets during storage. Food Science and Technology International, 22(6), pp.461-474._1",CFU,logistic,141.6599170164511,0,13,13,3
183,"Pseudomonas spp._15_Cooked Chicken Breast_Galarz, L.A., Fonseca, G.G. and Prentice, C., 2016. Predicting bacterial growth in raw, salted, and cooked chicken breast fillets during storage. Food Science and Technology International, 22(6), pp.461-474._1",CFU,logistic,188.0756674882466,0,12,12,3
184,"Pseudomonas spp._15_Raw Chicken Breast_Galarz, L.A., Fonseca, G.G. and Prentice, C., 2016. Predicting bacterial growth in raw, salted, and cooked chicken breast fillets during storage. Food Science and Technology International, 22(6), pp.461-474._1",CFU,logistic,153.92140714570758,0,12,12,3
185,"Pseudomonas spp._15_Salted Chicken Breast_Galarz, L.A., Fonseca, G.G. and Prentice, C., 2016. Predicting bacterial growth in raw, salted, and cooked chicken breast fillets during storage. Food Science and Technology International, 22(6), pp.461-474._1",CFU,logistic,114.64798850932814,0,12,12,3
186,"Pseudomonas spp._20_Cooked Chicken Breast_Galarz, L.A., Fonseca, G.G. and Prentice, C., 2016. Predicting bacterial growth in raw, salted, and cooked chicken breast fillets during storage. Food Science and Technology International, 22(6), pp.461-474._1",CFU,cubic,102.1837491820286,0,9,9,4
187,"Pseudomonas spp._20_Raw Chicken Breast_Galarz, L.A., Fonseca, G.G. and Prentice, C., 2016. Predicting bacterial growth in raw, salted, and cooked chicken breast fillets during storage. Food Science and Technology International, 22(6), pp.461-474._1",CFU,logistic,102.71068493662568,0,9,9,3
188,"Pseudomonas spp._20_Salted Chicken Breast_Galarz, L.A., Fonseca, G.G. and Prentice, C., 2016. Predicting bacterial growth in raw, salted, and cooked chicken breast fillets during storage. Food Science and Technology International, 22(6), pp.461-474._1",CFU,logistic,73.95873047780329,0,8,8,3
189,"Pseudomonas spp._2_Cooked Chicken Breast_Galarz, L.A., Fonseca, G.G. and Prentice, C., 2016. Predicting bacterial growth in raw, salted, and cooked chicken breast fillets during storage. Food Science and Technology International, 22(6), pp.461-474._1",CFU,quadratic,139.52656870544536,0,10,10,3
190,"Pseudomonas spp._2_Raw Chicken Breast_Galarz, L.A., Fonseca, G.G. and Prentice, C., 2016. Predicting bacterial growth in raw, salted, and cooked chicken breast fillets during storage. Food Science and Technology International, 22(6), pp.461-474._1",CFU,cubic,114.8222602174172,0,11,11,4
191,"Pseudomonas spp._2_Salted Chicken Breast_Galarz, L.A., Fonseca, G.G. and Prentice, C., 2016. Predicting bacterial growth in raw, salted, and cooked chicken breast fillets during storage. Food Science and Technology International, 22(6), pp.461-474._1",CFU,logistic,113.87221948679291,0,11,11,3
192,"Pseudomonas spp._4_Cooked Chicken Breast_Galarz, L.A., Fonseca, G.G. and Prentice, C., 2016. Predicting bacterial growth in raw, salted, and cooked chicken breast fillets during storage. Food Science and Technology International, 22(6), pp.461-474._1",CFU,logistic,85.41094847593416,0,6,6,3
193,"Pseudomonas spp._4_Raw Chicken Breast_Galarz, L.A., Fonseca, G.G. and Prentice, C., 2016. Predicting bacterial growth in raw, salted, and cooked chicken breast fillets during storage. Food Science and Technology International, 22(6), pp.461-474._1",CFU,logistic,90.23199235654911,0,7,7,3
194,"Pseudomonas spp._4_Salted Chicken Breast_Galarz, L.A., Fonseca, G.G. and Prentice, C., 2016. Predicting bacterial growth in raw, salted, and cooked chicken breast fillets during storage. Food Science and Technology International, 22(6), pp.461-474._1",CFU,cubic,67.1914179683007,0,7,7,4
195,"Pseudomonas spp._7_Cooked Chicken Breast_Galarz, L.A., Fonseca, G.G. and Prentice, C., 2016. Predicting bacterial growth in raw, salted, and cooked chicken breast fillets during storage. Food Science and Technology International, 22(6), pp.461-474._1",CFU,cubic,133.80621966089166,0,13,13,4
196,"Pseudomonas spp._7_Raw Chicken Breast_Galarz, L.A., Fonseca, G.G. and Prentice, C., 2016. Predicting bacterial growth in raw, salted, and cooked chicken breast fillets during storage. Food Science and Technology International, 22(6), pp.461-474._1",CFU,logistic,137.6080915488562,0,11,11,3
197,"Pseudomonas spp._7_Salted Chicken Breast_Galarz, L.A., Fonseca, G.G. and Prentice, C., 2016. Predicting bacterial growth in raw, salted, and cooked chicken breast fillets during storage. Food Science and Technology International, 22(6), pp.461-474._1",CFU,logistic,104.0537622488362,0,12,12,3
198,"Pseudomonas.fluorescens.1_15_TSB_Bae, Y.M., Zheng, L., Hyun, J.E., Jung, K.S., Heu, S. and Lee, S.Y., 2014. Growth characteristics and biofilm formation of various spoilage bacteria isolated from fresh produce. Journal of food science, 79(10), pp.M2072-M2080._1",OD_595,cubic,-88.19846247065792,0,23,23,4
199,"Pseudomonas.fluorescens.1_25_TSB_Bae, Y.M., Zheng, L., Hyun, J.E., Jung, K.S., Heu, S. and Lee, S.Y., 2014. Growth characteristics and biofilm formation of various spoilage bacteria isolated from fresh produce. Journal of food science, 79(10), pp.M2072-M2080._1",OD_595,cubic,-74.501933118463,0,13,13,4
200,"Pseudomonas.fluorescens.1_35_TSB_Bae, Y.M., Zheng, L., Hyun, J.E., Jung, K.S., Heu, S. and Lee, S.Y., 2014. Growth characteristics and biofilm formation of various spoilage bacteria isolated from fresh produce. Journal of food science, 79(10), pp.M2072-M2080._1",OD_595,logistic,-103.16108899977836,0,17,17,3
201,"Pseudomonas.fluorescens.1_5_TSB_Bae, Y.M., Zheng, L., Hyun, J.E., Jung, K.S., Heu, S. and Lee, S.Y., 2014. Growth characteristics and biofilm formation of various spoilage bacteria isolated from fresh produce. Journal of food science, 79(10), pp.M2072-M2080._1",OD_595,logistic,-127.71536306261314,0,29,29,3
202,"Pseudomonas.fluorescens.2_15_TSB_Bae, Y.M., Zheng, L., Hyun, J.E., Jung, K.S., Heu, S. and Lee, S.Y., 2014. Growth characteristics and biofilm formation of various spoilage bacteria isolated from fresh produce. Journal of food science, 79(10), pp.M2072-M2080._1",OD_595,logistic,-117.33413081182071,0,23,23,3
203,"Pseudomonas.fluorescens.2_25_TSB_Bae, Y.M., Zheng, L., Hyun, J.E., Jung, K.S., Heu, S. and Lee, S.Y., 2014. Growth characteristics and biofilm formation of various spoilage bacteria isolated from fresh produce. Journal of food science, 79(10), pp.M2072-M2080._1",OD_595,logistic,-67.0664653009479,0,13,13,3
204,"Pseudomonas.fluorescens.2_35_TSB_Bae, Y.M., Zheng, L., Hyun, J.E., Jung, K.S., Heu, S. and Lee, S.Y., 2014. Growth characteristics and biofilm formation of various spoilage bacteria isolated from fresh produce. Journal of food science, 79(10), pp.M2072-M2080._1",OD_595,logistic,-55.68269496663699,0,15,15,3
205,"Pseudomonas.fluorescens.2_5_TSB_Bae, Y.M., Zheng, L., Hyun, J.E., Jung, K.S., Heu, S. and Lee, S.Y., 2014. Growth characteristics and biofilm formation of various spoilage bacteria isolated from fresh produce. Journal of food science, 79(10), pp.M2072-M2080._1",OD_595,logistic,-188.6126108294093,0,29,29,3
206,"Salmonella Typhimurium_10_Vacuum Beef Striploins_Gill, C.O. and DeLacy, K.M., 1991. Growth of Escherichia coli and Salmonella typhimurium on high-pH beef packed under vacuum or carbon dioxide. International journal of food microbiology, 13(1), pp.21-30._1",N,cubic,46.159739000613484,0,6,6,4
207,"Salmonella Typhimurium_12_C02 Beef Striploins_Gill, C.O. and DeLacy, K.M., 1991. Growth of Escherichia coli and Salmonella typhimurium on high-pH beef packed under vacuum or carbon dioxide. International journal of food microbiology, 13(1), pp.21-30._1",N,cubic,78.48431399659044,0,8,8,4
208,"Salmonella Typhimurium_12_Vacuum Beef Striploins_Gill, C.O. and DeLacy, K.M., 1991. Growth of Escherichia coli and Salmonella typhimurium on high-pH beef packed under vacuum or carbon dioxide. International journal of food microbiology, 13(1), pp.21-30._1",N,logistic,80.48355271496888,0,7,7,3
209,"Salmonella Typhimurium_15_C02 Beef Striploins_Gill, C.O. and DeLacy, K.M., 1991. Growth of Escherichia coli and Salmonella typhimurium on high-pH beef packed under vacuum or carbon dioxide. International journal of food microbiology, 13(1), pp.21-30._1",N,logistic,76.21801899481768,0,7,7,3
210,"Salmonella Typhimurium_15_Vacuum Beef Striploins_Gill, C.O. and DeLacy, K.M., 1991. Growth of Escherichia coli and Salmonella typhimurium on high-pH beef packed under vacuum or carbon dioxide. International journal of food microbiology, 13(1), pp.21-30._1",N,cubic,83.40847369871793,0,5,5,4
211,"Salmonella Typhimurium_20_C02 Beef Striploins_Gill, C.O. and DeLacy, K.M., 1991. Growth of Escherichia coli and Salmonella typhimurium on high-pH beef packed under vacuum or carbon dioxide. International journal of food microbiology, 13(1), pp.21-30._1",N,logistic,91.62916900792229,0,6,6,3
212,"Salmonella Typhimurium_20_Vacuum Beef Striploins_Gill, C.O. and DeLacy, K.M., 1991. Growth of Escherichia coli and Salmonella typhimurium on high-pH beef packed under vacuum or carbon dioxide. International journal of food microbiology, 13(1), pp.21-30._1",N,logistic,93.26205548148484,0,6,6,3
213,"Salmonella Typhimurium_30_C02 Beef Striploins_Gill, C.O. and DeLacy, K.M., 1991. Growth of Escherichia coli and Salmonella typhimurium on high-pH beef packed under vacuum or carbon dioxide. International journal of food microbiology, 13(1), pp.21-30._1",N,logistic,115.62226400957974,0,7,7,3
214,"Salmonella Typhimurium_30_Vacuum Beef Striploins_Gill, C.O. and DeLacy, K.M., 1991. Growth of Escherichia coli and Salmonella typhimurium on high-pH beef packed under vacuum or carbon dioxide. International journal of food microbiology, 13(1), pp.21-30._1",N,logistic,78.01582327378966,0,6,6,3
215,"Salmonella Typhimurium_8_Vacuum Beef Striploins_Gill, C.O. and DeLacy, K.M., 1991. Growth of Escherichia coli and Salmonella typhimurium on high-pH beef packed under vacuum or carbon dioxide. International journal of food microbiology, 13(1), pp.21-30._1",N,cubic,38.26348120950884,0,7,7,4
216,"Serratia marcescens_10_Pasteurised Double Cream_Phillips, J.D. and Griffiths, M.W., 1987. The relation between temperature and growth of bacteria in dairy products. Food Microbiology, 4(2), pp.173-185._1",N,quadratic,38.73835972916533,0,4,4,3
217,"Serratia marcescens_10_Pasteurised Full-fat Milk_Phillips, J.D. and Griffiths, M.W., 1987. The relation between temperature and growth of bacteria in dairy products. Food Microbiology, 4(2), pp.173-185._1",N,cubic,50.15375713970288,0,5,5,4
218,"Serratia marcescens_10_Pasteurised Skim Milk_Phillips, J.D. and Griffiths, M.W., 1987. The relation between temperature and growth of bacteria in dairy products. Food Microbiology, 4(2), pp.173-185._1",N,quadratic,45.04509017651319,0,4,4,3
219,"Serratia marcescens_10_UHT Double Cream_Phillips, J.D. and Griffiths, M.W., 1987. The relation between temperature and growth of bacteria in dairy products. Food Microbiology, 4(2), pp.173-185._1",N,quadratic,31.206486243809103,0,4,4,3
220,"Serratia marcescens_10_UHT Full-fat Milk_Phillips, J.D. and Griffiths, M.W., 1987. The relation between temperature and growth of bacteria in dairy products. Food Microbiology, 4(2), pp.173-185._1",N,quadratic,54.35342311194755,0,4,4,3
221,"Serratia marcescens_10_UHT Skim Milk_Phillips, J.D. and Griffiths, M.W., 1987. The relation between temperature and growth of bacteria in dairy products. Food Microbiology, 4(2), pp.173-185._1",N,quadratic,48.2994736493369,0,4,4,3
222,"Serratia marcescens_15_Pasteurised Double Cream_Phillips, J.D. and Griffiths, M.W., 1987. The relation between temperature and growth of bacteria in dairy products. Food Microbiology, 4(2), pp.173-185._1",N,logistic,46.47306153286653,0,6,6,3
223,"Serratia marcescens_15_Pasteurised Full-fat Milk_Phillips, J.D. and Griffiths, M.W., 1987. The relation between temperature and growth of bacteria in dairy products. Food Microbiology, 4(2), pp.173-185._1",N,cubic,52.50072819678393,0,5,5,4
224,"Serratia marcescens_15_Pasteurised Skim Milk_Phillips, J.D. and Griffiths, M.W., 1987. The relation between temperature and growth of bacteria in dairy products. Food Microbiology, 4(2), pp.173-185._1",N,quadratic,59.82504130424784,0,4,4,3
225,"Serratia marcescens_15_UHT Double Cream_Phillips, J.D. and Griffiths, M.W., 1987. The relation between temperature and growth of bacteria in dairy products. Food Microbiology, 4(2), pp.173-185._1",N,cubic,78.47471780537096,0,6,6,4
226,"Serratia marcescens_15_UHT Full-fat Milk_Phillips, J.D. and Griffiths, M.W., 1987. The relation between temperature and growth of bacteria in dairy products. Food Microbiology, 4(2), pp.173-185._1",N,cubic,64.7677717918254,0,6,6,4
227,"Serratia marcescens_15_UHT Skim Milk_Phillips, J.D. and Griffiths, M.W., 1987. The relation between temperature and growth of bacteria in dairy products. Food Microbiology, 4(2), pp.173-185._1",N,cubic,45.605876630072785,0,5,5,4
228,"Serratia marcescens_6_Pasteurised Double Cream_Phillips, J.D. and Griffiths, M.W., 1987. The relation between temperature and growth of bacteria in dairy products. Food Microbiology, 4(2), pp.173-185._1",N,logistic,34.70565836112066,0,6,6,3
229,"Serratia marcescens_6_Pasteurised Full-fat Milk_Phillips, J.D. and Griffiths, M.W., 1987. The relation between temperature and growth of bacteria in dairy products. Food Microbiology, 4(2), pp.173-185._1",N,logistic,70.23264193550273,0,8,8,3
230,"Serratia marcescens_6_Pasteurised Skim Milk_Phillips, J.D. and Griffiths, M.W., 1987. The relation between temperature and growth of bacteria in dairy products. Food Microbiology, 4(2), pp.173-185._1",N,cubic,23.621084268899267,0,6,6,4
231,"Serratia marcescens_6_UHT Double Cream_Phillips, J.D. and Griffiths, M.W., 1987. The relation between temperature and growth of bacteria in dairy products. Food Microbiology, 4(2), pp.173-185._1",N,logistic,82.89899437362361,0,8,8,3
232,"Serratia marcescens_6_UHT Full-fat Milk_Phillips, J.D. and Griffiths, M.W., 1987. The relation between temperature and growth of bacteria in dairy products. Food Microbiology, 4(2), pp.173-185._1",N,logistic,34.31907948314448,0,7,7,3
233,"Serratia marcescens_6_UHT Skim Milk_Phillips, J.D. and Griffiths, M.W., 1987. The relation between temperature and growth of bacteria in dairy products. Food Microbiology, 4(2), pp.173-185._1",N,cubic,66.99637213368739,0,7,7,4
234,"Spoilage_10_C02 Beef Striploins_Gill, C.O. and DeLacy, K.M., 1991. Growth of Escherichia coli and Salmonella typhimurium on high-pH beef packed under vacuum or carbon dioxide. International journal of food microbiology, 13(1), pp.21-30._1",N,logistic,138.78880024072652,0,9,9,3
235,"Spoilage_10_Vacuum Beef Striploins_Gill, C.O. and DeLacy, K.M., 1991. Growth of Escherichia coli and Salmonella typhimurium on high-pH beef packed under vacuum or carbon dioxide. International journal of food microbiology, 13(1), pp.21-30._1",N,logistic,90.51019087780512,0,6,6,3
236,"Spoilage_12_C02 Beef Striploins_Gill, C.O. and DeLacy, K.M., 1991. Growth of Escherichia coli and Salmonella typhimurium on high-pH beef packed under vacuum or carbon dioxide. International journal of food microbiology, 13(1), pp.21-30._1",N,logistic,135.9431269839439,0,8,8,3
237,"Spoilage_12_Vacuum Beef Striploins_Gill, C.O. and DeLacy, K.M., 1991. Growth of Escherichia coli and Salmonella typhimurium on high-pH beef packed under vacuum or carbon dioxide. International journal of food microbiology, 13(1), pp.21-30._1",N,logistic,118.2311399856748,0,7,7,3
238,"Spoilage_15_C02 Beef Striploins_Gill, C.O. and DeLacy, K.M., 1991. Growth of Escherichia coli and Salmonella typhimurium on high-pH beef packed under vacuum or carbon dioxide. International journal of food microbiology, 13(1), pp.21-30._1",N,logistic,98.06722910239816,0,7,7,3
239,"Spoilage_15_Vacuum Beef Striploins_Gill, C.O. and DeLacy, K.M., 1991. Growth of Escherichia coli and Salmonella typhimurium on high-pH beef packed under vacuum or carbon dioxide. International journal of food microbiology, 13(1), pp.21-30._1",N,cubic,53.74174658283323,0,5,5,4
240,"Spoilage_20_C02 Beef Striploins_Gill, C.O. and DeLacy, K.M., 1991. Growth of Escherichia coli and Salmonella typhimurium on high-pH beef packed under vacuum or carbon dioxide. International journal of food microbiology, 13(1), pp.21-30._1",N,cubic,81.57384390295044,0,6,6,4
241,"Spoilage_20_Vacuum Beef Striploins_Gill, C.O. and DeLacy, K.M., 1991. Growth of Escherichia coli and Salmonella typhimurium on high-pH beef packed under vacuum or carbon dioxide. International journal of food microbiology, 13(1), pp.21-30._1",N,logistic,99.63957615937628,0,6,6,3
242,"Spoilage_30_C02 Beef Striploins_Gill, C.O. and DeLacy, K.M., 1991. Growth of Escherichia coli and Salmonella typhimurium on high-pH beef packed under vacuum or carbon dioxide. International journal of food microbiology, 13(1), pp.21-30._1",N,logistic,85.09558242359695,0,7,7,3
243,"Spoilage_30_Vacuum Beef Striploins_Gill, C.O. and DeLacy, K.M., 1991. Growth of Escherichia coli and Salmonella typhimurium on high-pH beef packed under vacuum or carbon dioxide. International journal of food microbiology, 13(1), pp.21-30._1",N,quadratic,82.66799997045092,0,6,6,3
244,"Spoilage_8_Vacuum Beef Striploins_Gill, C.O. and DeLacy, K.M., 1991. Growth of Escherichia coli and Salmonella typhimurium on high-pH beef packed under vacuum or carbon dioxide. International journal of food microbiology, 13(1), pp.21-30._1",N,quadratic,120.00968737997545,0,7,7,3
245,"Staphylococcus spp._10_Cooked Chicken Breast_Galarz, L.A., Fonseca, G.G. and Prentice, C., 2016. Predicting bacterial growth in raw, salted, and cooked chicken breast fillets during storage. Food Science and Technology International, 22(6), pp.461-474._1",CFU,logistic,117.21706872326608,0,12,12,3
246,"Staphylococcus spp._10_Raw Chicken Breast_Galarz, L.A., Fonseca, G.G. and Prentice, C., 2016. Predicting bacterial growth in raw, salted, and cooked chicken breast fillets during storage. Food Science and Technology International, 22(6), pp.461-474._1",CFU,logistic,126.78005704861698,0,11,11,3
247,"Staphylococcus spp._10_Salted Chicken Breast_Galarz, L.A., Fonseca, G.G. and Prentice, C., 2016. Predicting bacterial growth in raw, salted, and cooked chicken breast fillets during storage. Food Science and Technology International, 22(6), pp.461-474._1",CFU,logistic,172.0662738982561,0,13,13,3
248,"Staphylococcus spp._15_Cooked Chicken Breast_Galarz, L.A., Fonseca, G.G. and Prentice, C., 2016. Predicting bacterial growth in raw, salted, and cooked chicken breast fillets during storage. Food Science and Technology International, 22(6), pp.461-474._1",CFU,logistic,121.9535425159959,0,11,11,3
249,"Staphylococcus spp._15_Raw Chicken Breast_Galarz, L.A., Fonseca, G.G. and Prentice, C., 2016. Predicting bacterial growth in raw, salted, and cooked chicken breast fillets during storage. Food Science and Technology International, 22(6), pp.461-474._1",CFU,cubic,99.22244062359924,0,9,9,4
250,"Staphylococcus spp._15_Salted Chicken Breast_Galarz, L.A., Fonseca, G.G. and Prentice, C., 2016. Predicting bacterial growth in raw, salted, and cooked chicken breast fillets during storage. Food Science and Technology International, 22(6), pp.461-474._1",CFU,logistic,126.23537561116972,0,12,12,3
251,"Staphylococcus spp._20_Cooked Chicken Breast_Galarz, L.A., Fonseca, G.G. and Prentice, C., 2016. Predicting bacterial growth in raw, salted, and cooked chicken breast fillets during storage. Food Science and Technology International, 22(6), pp.461-474._1",CFU,logistic,93.82076770590758,0,9,9,3
252,"Staphylococcus spp._20_Raw Chicken Breast_Galarz, L.A., Fonseca, G.G. and Prentice, C., 2016. Predicting bacterial growth in raw, salted, and cooked chicken breast fillets during storage. Food Science and Technology International, 22(6), pp.461-474._1",CFU,logistic,89.8787212124122,0,9,9,3
253,"Staphylococcus spp._20_Salted Chicken Breast_Galarz, L.A., Fonseca, G.G. and Prentice, C., 2016. Predicting bacterial growth in raw, salted, and cooked chicken breast fillets during storage. Food Science and Technology International, 22(6), pp.461-474._1",CFU,logistic,100.76334555800008,0,9,9,3
254,"Staphylococcus spp._2_Cooked Chicken Breast_Galarz, L.A., Fonseca, G.G. and Prentice, C., 2016. Predicting bacterial growth in raw, salted, and cooked chicken breast fillets during storage. Food Science and Technology International, 22(6), pp.461-474._1",CFU,logistic,54.12087475832962,0,10,10,3
255,"Staphylococcus spp._2_Raw Chicken Breast_Galarz, L.A., Fonseca, G.G. and Prentice, C., 2016. Predicting bacterial growth in raw, salted, and cooked chicken breast fillets during storage. Food Science and Technology International, 22(6), pp.461-474._1",CFU,logistic,41.27080724027244,0,9,9,3
256,"Staphylococcus spp._2_Salted Chicken Breast_Galarz, L.A., Fonseca, G.G. and Prentice, C., 2016. Predicting bacterial growth in raw, salted, and cooked chicken breast fillets during storage. Food Science and Technology International, 22(6), pp.461-474._1",CFU,logistic,69.31073006449218,0,10,10,3
257,"Staphylococcus spp._4_Cooked Chicken Breast_Galarz, L.A., Fonseca, G.G. and Prentice, C., 2016. Predicting bacterial growth in raw, salted, and cooked chicken breast fillets during storage. Food Science and Technology International, 22(6), pp.461-474._1",CFU,logistic,67.55058664206085,0,7,7,3
258,"Staphylococcus spp._4_Raw Chicken Breast_Galarz, L.A., Fonseca, G.G. and Prentice, C., 2016. Predicting bacterial growth in raw, salted, and cooked chicken breast fillets during storage. Food Science and Technology International, 22(6), pp.461-474._1",CFU,logistic,69.60791033451198,0,8,8,3
259,"Staphylococcus spp._4_Salted Chicken Breast_Galarz, L.A., Fonseca, G.G. and Prentice, C., 2016. Predicting bacterial growth in raw, salted, and cooked chicken breast fillets during storage. Food Science and Technology International, 22(6), pp.461-474._1",CFU,logistic,66.92475104940962,0,6,6,3
260,"Staphylococcus spp._7_Cooked Chicken Breast_Galarz, L.A., Fonseca, G.G. and Prentice, C., 2016. Predicting bacterial growth in raw, salted, and cooked chicken breast fillets during storage. Food Science and Technology International, 22(6), pp.461-474._1",CFU,cubic,114.9919273098158,0,14,14,4
261,"Staphylococcus spp._7_Raw Chicken Breast_Galarz, L.A., Fonseca, G.G. and Prentice, C., 2016. Predicting bacterial growth in raw, salted, and cooked chicken breast fillets during storage. Food Science and Technology International, 22(6), pp.461-474._1",CFU,logistic,176.0839374724507,0,14,14,3
262,"Staphylococcus spp._7_Salted Chicken Breast_Galarz, L.A., Fonseca, G.G. and Prentice, C., 2016. Predicting bacterial growth in raw, salted, and cooked chicken breast fillets during storage. Food Science and Technology International, 22(6), pp.461-474._1",CFU,logistic,174.86625420117446,0,14,14,3
263,"Stenotrophomonas.maltophilia..RDA.R._15_TSB_Bae, Y.M., Zheng, L., Hyun, J.E., Jung, K.S., Heu, S. and Lee, S.Y., 2014. Growth characteristics and biofilm formation of various spoilage bacteria isolated from fresh produce. Journal of food science, 79(10), pp.M2072-M2080._1",OD_595,logistic,-124.4260330526874,0,23,23,3
264,"Stenotrophomonas.maltophilia..RDA.R._25_TSB_Bae, Y.M., Zheng, L., Hyun, J.E., Jung, K.S., Heu, S. and Lee, S.Y., 2014. Growth characteristics and biofilm formation of various spoilage bacteria isolated from fresh produce. Journal of food science, 79(10), pp.M2072-M2080._1",OD_595,logistic,-68.68361997733481,0,13,13,3
265,"Stenotrophomonas.maltophilia..RDA.R._35_TSB_Bae, Y.M., Zheng, L., Hyun, J.E., Jung, K.S., Heu, S. and Lee, S.Y., 2014. Growth characteristics and biofilm formation of various spoilage bacteria isolated from fresh produce. Journal of food science, 79(10), pp.M2072-M2080._1",OD_595,logistic,-72.21683341108259,0,15,15,3
266,"Stenotrophomonas.maltophilia..RDA.R._5_TSB_Bae, Y.M., Zheng, L., Hyun, J.E., Jung, K.S., Heu, S. and Lee, S.Y., 2014. Growth characteristics and biofilm formation of various spoilage bacteria isolated from fresh produce. Journal of food science, 79(10), pp.M2072-M2080._1",OD_595,logistic,-221.16785139076575,0,29,29,3
267,"Stenotrophomonas.maltophilia.1_15_TSB_Bae, Y.M., Zheng, L., Hyun, J.E., Jung, K.S., Heu, S. and Lee, S.Y., 2014. Growth characteristics and biofilm formation of various spoilage bacteria isolated from fresh produce. Journal of food science, 79(10), pp.M2072-M2080._1",OD_595,cubic,-103.61917321265356,0,22,22,4
268,"Stenotrophomonas.maltophilia.1_25_TSB_Bae, Y.M., Zheng, L., Hyun, J.E., Jung, K.S., Heu, S. and Lee, S.Y., 2014. Growth characteristics and biofilm formation of various spoilage bacteria isolated from fresh produce. Journal of food science, 79(10), pp.M2072-M2080._1",OD_595,cubic,-70.73994538369418,0,15,15,4
269,"Stenotrophomonas.maltophilia.1_35_TSB_Bae, Y.M., Zheng, L., Hyun, J.E., Jung, K.S., Heu, S. and Lee, S.Y., 2014. Growth characteristics and biofilm formation of various spoilage bacteria isolated from fresh produce. Journal of food science, 79(10), pp.M2072-M2080._1",OD_595,cubic,-85.22249936624377,0,15,15,4
270,"Stenotrophomonas.maltophilia.1_5_TSB_Bae, Y.M., Zheng, L., Hyun, J.E., Jung, K.S., Heu, S. and Lee, S.Y., 2014. Growth characteristics and biofilm formation of various spoilage bacteria isolated from fresh produce. Journal of food science, 79(10), pp.M2072-M2080._1",OD_595,logistic,-180.06405869093442,0,29,29,3
271,"Stenotrophomonas.maltophilia.2_15_TSB_Bae, Y.M., Zheng, L., Hyun, J.E., Jung, K.S., Heu, S. and Lee, S.Y., 2014. Growth characteristics and biofilm formation of various spoilage bacteria isolated from fresh produce. Journal of food science, 79(10), pp.M2072-M2080._1",OD_595,cubic,-109.28188787008972,0,23,23,4
272,"Stenotrophomonas.maltophilia.2_25_TSB_Bae, Y.M., Zheng, L., Hyun, J.E., Jung, K.S., Heu, S. and Lee, S.Y., 2014. Growth characteristics and biofilm formation of various spoilage bacteria isolated from fresh produce. Journal of food science, 79(10), pp.M2072-M2080._1",OD_595,logistic,-66.5958376388563,0,16,16,3
273,"Stenotrophomonas.maltophilia.2_35_TSB_Bae, Y.M., Zheng, L., Hyun, J.E., Jung, K.S., Heu, S. and Lee, S.Y., 2014. Growth characteristics and biofilm formation of various spoilage bacteria isolated from fresh produce. Journal of food science, 79(10), pp.M2072-M2080._1",OD_595,logistic,-69.68778041573822,0,16,16,3
274,"Stenotrophomonas.maltophilia.2_5_TSB_Bae, Y.M., Zheng, L., Hyun, J.E., Jung, K.S., Heu, S. and Lee, S.Y., 2014. Growth characteristics and biofilm formation of various spoilage bacteria isolated from fresh produce. Journal of food science, 79(10), pp.M2072-M2080._1",OD_595,logistic,-195.1702211994956,0,29,29,3
275,"Tetraselmis tetrahele_16_ESAW_Bernhardt, J.R., Sunday, J.M. and O’Connor, M.I., 2018. Metabolic theory and the temperature-size rule explain the temperature dependence of population carrying capacity. The American naturalist, 192(6), pp.687-697._1",N,logistic,224.81278893512217,0,12,12,3
276,"Tetraselmis tetrahele_16_ESAW_Bernhardt, J.R., Sunday, J.M. and O’Connor, M.I., 2018. Metabolic theory and the temperature-size rule explain the temperature dependence of population carrying capacity. The American naturalist, 192(6), pp.687-697._2",N,logistic,229.24951251088297,0,12,12,3
277,"Tetraselmis tetrahele_16_ESAW_Bernhardt, J.R., Sunday, J.M. and O’Connor, M.I., 2018. Metabolic theory and the temperature-size rule explain the temperature dependence of population carrying capacity. The American naturalist, 192(6), pp.687-697._3",N,logistic,246.8163140767646,0,13,13,3
278,"Tetraselmis tetrahele_16_ESAW_Bernhardt, J.R., Sunday, J.M. and O’Connor, M.I., 2018. Metabolic theory and the temperature-size rule explain the temperature dependence of population carrying capacity. The American naturalist, 192(6), pp.687-697._4",N,logistic,243.17834281523497,0,13,13,3
279,"Tetraselmis tetrahele_16_ESAW_Bernhardt, J.R., Sunday, J.M. and O’Connor, M.I., 2018. Metabolic theory and the temperature-size rule explain the temperature dependence of population carrying capacity. The American naturalist, 192(6), pp.687-697._5",N,logistic,234.9071863103929,0,13,13,3
280,"Tetraselmis tetrahele_25_ESAW_Bernhardt, J.R., Sunday, J.M. and O’Connor, M.I., 2018. Metabolic theory and the temperature-size rule explain the temperature dependence of population carrying capacity. The American naturalist, 192(6), pp.687-697._1",N,quadratic,244.24515568498376,0,13,13,3
281,"Tetraselmis tetrahele_25_ESAW_Bernhardt, J.R., Sunday, J.M. and O’Connor, M.I., 2018. Metabolic theory and the temperature-size rule explain the temperature dependence of population carrying capacity. The American naturalist, 192(6), pp.687-697._2",N,quadratic,239.2601117145714,0,13,13,3
282,"Tetraselmis tetrahele_25_ESAW_Bernhardt, J.R., Sunday, J.M. and O’Connor, M.I., 2018. Metabolic theory and the temperature-size rule explain the temperature dependence of population carrying capacity. The American naturalist, 192(6), pp.687-697._3",N,quadratic,241.51814206256935,0,13,13,3
283,"Tetraselmis tetrahele_25_ESAW_Bernhardt, J.R., Sunday, J.M. and O’Connor, M.I., 2018. Metabolic theory and the temperature-size rule explain the temperature dependence of population carrying capacity. The American naturalist, 192(6), pp.687-697._4",N,quadratic,250.913164954303,0,14,14,3
284,"Tetraselmis tetrahele_25_ESAW_Bernhardt, J.R., Sunday, J.M. and O’Connor, M.I., 2018. Metabolic theory and the temperature-size rule explain the temperature dependence of population carrying capacity. The American naturalist, 192(6), pp.687-697._5",N,quadratic,223.48573432089648,0,12,12,3
285,"Tetraselmis tetrahele_32_ESAW_Bernhardt, J.R., Sunday, J.M. and O’Connor, M.I., 2018. Metabolic theory and the temperature-size rule explain the temperature dependence of population carrying capacity. The American naturalist, 192(6), pp.687-697._1",N,logistic,188.87475723995172,0,11,11,3
286,"Tetraselmis tetrahele_32_ESAW_Bernhardt, J.R., Sunday, J.M. and O’Connor, M.I., 2018. Metabolic theory and the temperature-size rule explain the temperature dependence of population carrying capacity. The American naturalist, 192(6), pp.687-697._2",N,logistic,196.3468940028111,0,11,11,3
287,"Tetraselmis tetrahele_32_ESAW_Bernhardt, J.R., Sunday, J.M. and O’Connor, M.I., 2018. Metabolic theory and the temperature-size rule explain the temperature dependence of population carrying capacity. The American naturalist, 192(6), pp.687-697._3",N,logistic,194.7292710558459,0,11,11,3
288,"Tetraselmis tetrahele_32_ESAW_Bernhardt, J.R., Sunday, J.M. and O’Connor, M.I., 2018. Metabolic theory and the temperature-size rule explain the temperature dependence of population carrying capacity. The American naturalist, 192(6), pp.687-697._4",N,logistic,200.96711495297836,0,12,12,3
289,"Tetraselmis tetrahele_32_ESAW_Bernhardt, J.R., Sunday, J.M. and O’Connor, M.I., 2018. Metabolic theory and the temperature-size rule explain the temperature dependence of population carrying capacity. The American naturalist, 192(6), pp.687-697._5",N,logistic,212.34928048040567,0,12,12,3
290,"Tetraselmis tetrahele_5_ESAW_Bernhardt, J.R., Sunday, J.M. and O’Connor, M.I., 2018. Metabolic theory and the temperature-size rule explain the temperature dependence of population carrying capacity. The American naturalist, 192(6), pp.687-697._1",N,logistic,196.5303677450265,0,11,11,3
291,"Tetraselmis tetrahele_5_ESAW_Bernhardt, J.R., Sunday, J.M. and O’Connor, M.I., 2018. Metabolic theory and the temperature-size rule explain the temperature dependence of population carrying capacity. The American naturalist, 192(6), pp.687-697._2",N,logistic,204.29889046190897,0,11,11,3
292,"Tetraselmis tetrahele_5_ESAW_Bernhardt, J.R., Sunday, J.M. and O’Connor, M.I., 2018. Metabolic theory and the temperature-size rule explain the temperature dependence of population carrying capacity. The American naturalist, 192(6), pp.687-697._3",N,logistic,202.86638751393585,0,11,11,3
293,"Tetraselmis tetrahele_5_ESAW_Bernhardt, J.R., Sunday, J.M. and O’Connor, M.I., 2018. Metabolic theory and the temperature-size rule explain the temperature dependence of population carrying capacity. The American naturalist, 192(6), pp.687-697._4",N,logistic,209.22550403540257,0,11,11,3
294,"Tetraselmis tetrahele_5_ESAW_Bernhardt, J.R., Sunday, J.M. and O’Connor, M.I., 2018. Metabolic theory and the temperature-size rule explain the temperature dependence of population carrying capacity. The American naturalist, 192(6), pp.687-697._5",N,logistic,181.4188095561842,0,10,10,3
295,"Tetraselmis tetrahele_8_ESAW_Bernhardt, J.R., Sunday, J.M. and O’Connor, M.I., 2018. Metabolic theory and the temperature-size rule explain the temperature dependence of population carrying capacity. The American naturalist, 192(6), pp.687-697._1",N,logistic,189.77989490159615,0,11,11,3
296,"Tetraselmis tetrahele_8_ESAW_Bernhardt, J.R., Sunday, J.M. and O’Connor, M.I., 2018. Metabolic theory and the temperature-size rule explain the temperature dependence of population carrying capacity. The American naturalist, 192(6), pp.687-697._2",N,logistic,187.98335989651005,0,10,10,3
297,"Tetraselmis tetrahele_8_ESAW_Bernhardt, J.R., Sunday, J.M. and O’Connor, M.I., 2018. Metabolic theory and the temperature-size rule explain the temperature dependence of population carrying capacity. The American naturalist, 192(6), pp.687-697._3",N,quadratic,208.77508875222335,0,11,11,3
298,"Tetraselmis tetrahele_8_ESAW_Bernhardt, J.R., Sunday, J.M. and O’Connor, M.I., 2018. Metabolic theory and the temperature-size rule explain the temperature dependence of population carrying capacity. The American naturalist, 192(6), pp.687-697._4",N,logistic,201.9037195762245,0,11,11,3
299,"Tetraselmis tetrahele_8_ESAW_Bernhardt, J.R., Sunday, J.M. and O’Connor, M.I., 2018. Metabolic theory and the temperature-size rule explain the temperature dependence of population carrying capacity. The American naturalist, 192(6), pp.687-697._5",N,logistic,203.84036915992863,0,11,11,3
300,"Weissella viridescens_12_MRS broth_Silva, A.P.R.D., Longhi, D.A., Dalcanton, F. and Aragão, G.M.F.D., 2018. Modelling the growth of lactic acid bacteria at different temperatures. Brazilian Archives of Biology and Technology, 61._1",N,quadratic,559.536069898622,0,14,14,3
301,"Weissella viridescens_16_MRS broth_Silva, A.P.R.D., Longhi, D.A., Dalcanton, F. and Aragão, G.M.F.D., 2018. Modelling the growth of lactic acid bacteria at different temperatures. Brazilian Archives of Biology and Technology, 61._1",N,logistic,702.578974124403,0,17,17,3
302,"Weissella viridescens_20_MRS broth_Silva, A.P.R.D., Longhi, D.A., Dalcanton, F. and Aragão, G.M.F.D., 2018. Modelling the growth of lactic acid bacteria at different temperatures. Brazilian Archives of Biology and Technology, 61._1",N,logistic,606.5352628580163,0,15,15,3
303,"Weissella viridescens_30_MRS broth_Silva, A.P.R.D., Longhi, D.A., Dalcanton, F. and Aragão, G.M.F.D., 2018. Modelling the growth of lactic acid bacteria at different temperatures. Brazilian Archives of Biology and Technology, 61._1",N,logistic,567.4095580507502,0,14,14,3
304,"Weissella viridescens_4_MRS broth_Silva, A.P.R.D., Longhi, D.A., Dalcanton, F. and Aragão, G.M.F.D., 2018. Modelling the growth of lactic acid bacteria at different temperatures. Brazilian Archives of Biology and Technology, 61._1",N,logistic,122.8228043337233,0,9,9,3
305,"Weissella viridescens_8_MRS broth_Silva, A.P.R.D., Longhi, D.A., Dalcanton, F. and Aragão, G.M.F.D., 2018. Modelling the growth of lactic acid bacteria at different temperatures. Brazilian Archives of Biology and Technology, 61._1",N,logistic,713.476295699744,0,20,20,3
