curve_num,n_points,n_unique_time,time_min,time_max,pop_min,pop_max,PopBio_units
1,22,22,-0.9237875288686149,479.4457274826789,0.005327174749806931,0.17663433410315502,OD_595
2,15,15,-0.27906392729897805,143.846101528207,0.010610079575597498,0.14323607427055798,OD_595
3,15,15,0.558882235528927,143.912175648703,0.013368983957219499,0.13903743315508005,OD_595
4,29,29,-1.2681237560616399,671.950310252824,0.012496379870230001,0.0539932342085316,OD_595
5,22,22,-1.1368683772161599e-13,480.369515011547,0.00802463433410305,0.24789530408006105,OD_595
6,14,14,-0.276134122288056,143.86587771203202,0.015920351158057906,0.19803389156582404,OD_595
7,16,16,0.004456327985764119,144.01143790849704,0.016042780748662694,0.441176470588235,OD_595
8,29,29,-2.2737367544323196e-13,671.805273833671,0.017595307917888405,0.13020527859237505,OD_595
9,25,25,1.8475750577366599,480.369515011547,0.0027405696689759606,0.226586605080831,OD_595
10,15,15,-0.276134122287999,143.86587771203202,0.005310271582461109,0.409780316942121,OD_595
11,16,16,0.28149138443259897,143.91117052881697,0.0133689839572189,0.36631016042780706,OD_595
12,29,29,-3.410605131648479e-13,670.5882352941171,0.00879765395894438,0.11085043988269798,OD_595
13,11,11,11.347167846751299,194.04377312512895,0.9767049833019299,3566.34452917529,CFU
14,10,10,23.868312757201696,165.43209876543202,0.9793821813312397,819.2041607667641,CFU
15,12,12,24.521774521774297,193.96200861717904,1.0043409693753902,428.555537731446,CFU
16,9,9,11.674664962487201,104.958709482186,1.7960216078595197,3917.9932132229305,CFU
17,9,9,20.5761316872428,101.646090534979,1.5488302986341296,1364.7820165072599,CFU
18,8,8,21.223667775391696,102.43954640506301,1.4196264727828696,534.0094946226191,CFU
19,10,10,3.4872370690899905,49.968434852462096,1.4381302253279598,1457.57227202074,CFU
20,8,8,11.522633744856,47.325102880658406,1.3956124250860902,457.14471326891,CFU
21,8,8,3.0840806702875905,47.1962584031545,1.31604750701147,425.239720821317,CFU
22,9,9,47.80461462349279,547.6529356781731,1.29504408649357,771.6116035580791,CFU
23,10,10,48.14814814814821,547.7366255144028,1.02105186214511,371.17240815363806,CFU
24,10,10,48.43304843304799,555.2860932171222,1.2385342800046295,397.7166157175689,CFU
25,6,6,141.807983165255,501.557716638347,1.3236814964708599,11799.713302641101,CFU
26,7,7,71.604938271605,500.24691358024694,1.25232271619186,474.613125718313,CFU
27,7,7,72.3443223443217,506.8698861802261,1.68437311276258,905.4836205185771,CFU
28,12,12,-0.349157715244729,316.106626690119,0.9807115293452889,8259.2790789734,CFU
29,14,14,0.8230452674897322,314.07407407407396,0.9793821813312397,2871.2420925789,CFU
30,14,14,-0.626289419392833,317.64101160652604,0.9685110388543289,2089.8050025236703,CFU
31,12,12,13.224438860112498,213.39043027847603,1.0540855790664903,1119.21099828323,CFU
32,12,12,24.2718446601942,192.718446601942,1.04998983986637,467.005700118048,CFU
33,12,12,13.293006511331201,206.138176623676,0.9962399136408341,680.025384910909,CFU
34,9,9,20.873378121955003,116.82257209771397,1.4382279980130799,1323.05640394134,CFU
35,10,10,10.6796116504854,102.42718446601901,1.1575913956831998,1487.53854364841,CFU
36,9,9,16.893155128479204,111.39007929641,1.1248314329943998,343.942358872367,CFU
37,9,9,8.359488520778882,56.75590201206911,1.4042577392250202,467.74445743382006,CFU
38,8,8,12.621359223300999,48.0582524271845,1.7101573192660502,540.601780191663,CFU
39,6,6,22.5026890203144,54.3319099339367,2.78844646298452,269.9862588202349,CFU
40,9,9,50.13338290852531,597.6371437851519,1.02918858084708,2265.4208772352604,CFU
41,10,10,72.3300970873786,550.970873786408,1.0759142139051796,610.7172867874899,CFU
42,10,10,49.09913578110531,576.3674134848007,1.1152975249115604,396.05364651485405,CFU
43,7,7,75.7657657657658,546.766073473854,1.15984384787522,2583.71091070578,CFU
44,6,6,144.17475728155296,502.912621359223,5.514147559752549,1399.5449667537998,CFU
45,6,6,149.79166454598797,526.830484837997,3.1966228974686697,498.94179168682103,CFU
46,14,14,-1.3985332581157799,344.53318118877894,1.00487963784124,1355.0623293335698,CFU
47,13,13,0.970873786407779,315.53398058252395,1.02469011894639,2513.0898542715304,CFU
48,15,15,-0.7726904114794592,333.734141566316,1.0001399745752901,1025.9316507564201,CFU
49,17,17,23.1958762886598,595.3608247422678,2.744361740346631,244.04630502109598,CFU
50,8,8,3.0927835051546397,236.59793814433002,2.7182818284590504,295.399476201036,CFU
51,5,5,3.0927835051546397,91.23711340206191,2.744361740346631,646.328648475562,CFU
52,8,8,3.0927835051546397,218.04123711340202,2.744361740346631,46.33574214905071,CFU
53,11,11,1.5463917525773396,334.020618556701,2.7182818284590504,646.328648475562,CFU
54,14,14,1.5516700678572,438.9426463837541,2.72250258330189,75.5350862686161,CFU
55,8,8,1.5516700678572,223.857722671927,2.7442454818655198,564.8194553833629,CFU
56,9,9,3.10334013571435,169.75106921612,2.7705253568895203,207.924797483952,CFU
57,9,9,3.108794160557411,222.333322728285,2.71834877343238,508.7280880675699,CFU
58,10,10,1.5516700678572,342.275510064948,2.7442454818655198,210.55279422401398,CFU
59,19,19,1.5624999999999398,598.4374999999999,2.723523569376941,2.7573246936310203,CFU
60,8,8,3.1249999999999702,239.0625,2.77080979773788,147.348512731609,CFU
61,8,8,3.1249999999999702,237.5,2.77080979773788,200.389009320527,CFU
62,7,7,1.5624999999999398,189.0625,2.7708791218149798,225.21370566046895,CFU
63,17,17,3.125,526.5624999999999,2.744317150851401,115.401101274884,CFU
64,18,18,3.1364990362712595,598.4609543835059,2.72295772781862,2.7709895272579708,CFU
65,7,7,3.1481805969277707,241.97476782898198,2.7703684050811397,389.0855759219749,CFU
66,8,8,3.1481805969277707,266.94994451258697,2.7703684050811397,373.53029631187894,CFU
67,8,8,3.1598621575842594,217.10472519128595,2.7969937788592505,432.738611861733,CFU
68,14,14,4.69890777407863,527.6852987559139,2.7437914465558007,316.550203321267,CFU
69,18,18,0,601.6260162601621,2.7309366786460307,523.4832703166472,CFU
70,9,9,1.6260162601626,117.073170731707,2.74565157613925,715.1026743159339,CFU
71,10,10,3.2520325203251996,588.6178861788621,2.7632798320977106,2.8048538340525497,CFU
72,16,16,1.6260162601626,600,2.7405404677594505,2.8007667600441,CFU
73,12,12,1.6260162601626,458.53658536585397,2.74565157613925,743.9997721510281,CFU
74,19,19,5.187144019528029,601.4442636289659,2.7177825144575305,455.682528803618,CFU
75,7,7,3.4682668836452395,99.5423108218064,2.7469789890441194,281.299425104086,CFU
76,10,10,1.73921887713601,213.598454027665,2.74563363418563,262.86295467758697,CFU
77,17,17,1.7290480065093998,601.7290480065091,2.6856875223971004,2.7386651731760696,CFU
78,13,13,1.72904800650952,461.48291293734695,2.7181153802666502,592.9837449787673,CFU
79,13,13,74.99722962129954,530.3982368078671,2.7482793003594503,134.43879047690402,CFU
80,14,14,3.18901370414002,271.4601742670809,2.74507240855334,1308.2740622595898,CFU
81,11,11,30.316561939511402,269.94816313631503,2.7462834609730598,959.7004189261481,CFU
82,16,16,1.59327557264757,599.997537441155,2.7244953452514706,2.7851037382502803,CFU
83,9,9,1.59327557264757,337.222808220022,2.74500118680927,192.27475508145994,CFU
84,22,22,-1.1368683772161599e-13,480.369515011547,0.0026666666666663704,0.221222478829868,OD_595
85,15,15,0.27540167103521207,144.059244842758,0.00265251989389981,0.299734748010611,OD_595
86,17,17,0.27944111776449204,143.912175648703,0.005347593582887719,0.37700534759358295,OD_595
87,29,29,-3.7230338844144604,672.0501334056339,-0.0034346558874094302,0.004421795954081321,OD_595
88,22,22,2.77136258660506,480.369515011548,0.00533333333333341,0.17333333333333403,OD_595
89,14,14,1.2958619534259999,177.465655888759,0.00531914893617014,0.2872340425531919,OD_595
90,15,15,0.5490196078431421,143.843137254902,1.0402038799650599e-5,0.28563478441774603,OD_595
91,29,29,-1.4210854715202e-14,672.2891566265062,-0.0011838658983759401,0.00661079099004735,OD_595
92,22,22,-0.923787528868374,479.4457274826789,0.00800000000000023,0.33599999999999997,OD_595
93,12,12,1.9437929301390398,184.81571452504596,0.00797872340425521,0.351063829787234,OD_595
94,15,15,0,143.843137254902,0.00265251989389936,0.351947781765226,OD_595
95,29,29,-1.4210854715202e-14,669.879518072289,0.00521739130434795,0.28515103893836197,OD_595
96,24,24,-1.1368683772161599e-13,479.4457274826789,0.015999999999999102,0.5531208622016931,OD_595
97,17,17,-0.27979637855170797,144.069499160297,0.010610079575597498,0.5676392572944302,OD_595
98,17,17,0.27944111776446307,144.19161676646698,0.0187165775401064,0.641711229946525,OD_595
99,29,29,-1.27551806367717,671.3920400278521,0.0160678304485264,0.31956348937376405,OD_595
100,24,24,-1.1368683772161599e-13,479.4457274826789,0.00802463433410305,0.687150115473441,OD_595
101,15,15,0.552268244575856,144.14201183432,0.0159046557740703,0.797048221451405,OD_595
102,17,17,0.0037136066547987,144.09165181224,0.0133689839572189,0.7780748663101601,OD_595
103,29,29,-3.410605131648479e-13,670.588235294118,0.014076246334311104,0.404692082111437,OD_595
104,23,23,-1.1368683772161599e-13,480.369515011547,0.00266666666666593,0.752954580446496,OD_595
105,16,16,-0.28199373230995706,143.690089411371,0.0212201591511936,0.8037135278514589,OD_595
106,18,18,0,143.632734530938,0.029411764705882696,0.8181818181818181,OD_595
107,29,29,-1.2459408332150599,672.0464362518261,-1.5158330611808601e-4,0.0103557278155368,OD_595
108,25,25,5.488808628780601,479.830962384217,0.029157760251591096,0.7247917741578841,OD_595
109,16,16,0.5453174736136721,143.74759172390694,0.018617021276595896,0.7978723404255319,OD_595
110,18,18,0.004504021447715441,144.008579088472,0.016085790884719002,0.8739946380697052,OD_595
111,29,29,-0.03841452767591141,672.247249869041,0.003478260869565371,0.0139130434782615,OD_595
112,30,30,-1.4210854715202e-14,479.4457274826789,0.026666666666666804,0.858666666666667,OD_595
113,17,17,3.8201541296699597,277.156140056961,0.029255319148936202,0.9521276595744681,OD_595
114,17,17,0,143.843137254902,0.0265251989389923,0.9562646278670619,OD_595
115,29,29,-4.2632564145606005e-14,669.879518072289,0.0295652173913047,0.581917234154007,OD_595
116,9,9,0.004715517776261888,12.0342495501644,90.21562544576142,2095.5620804127693,N
117,6,6,0.0015373138842131899,5.01950624502263,51.4457901258215,2790.3455071764706,N
118,8,8,-0.013669287049786802,9.00641042427163,36.4881106576891,417.31362274889295,N
119,7,7,0,5,60.1988620095063,7585.676560749591,N
120,7,7,0.0022969776093759693,5.80316668793498,36.2666102451464,4292.525233541542,N
121,5,5,0.01900972373190649,3.7528588362015993,36.3243595048996,9203.083149119391,N
122,6,6,0.00104912922274547,1.8076696342036098,100.314986290562,9485.78113866936,N
123,6,6,0,1.80778032036613,101.057589347325,14849.149065112204,N
124,7,7,0.0032482598607890306,1.4032482598607898,36.37152735026099,8212.8052083955,N
125,6,6,5.418719211821581e-4,1.1957142857142897,81.96153075083201,10903.891250846402,N
126,7,7,-0.007533205577217038,6.017445318178809,32.57868468019329,547.3679570018008,N
127,29,29,0.923787528868161,479.4457274826789,0.05867282525019159,0.77428791377983,OD_595
128,17,17,-0.010986768791241299,143.92081155598802,0.0397877984084887,0.883289124668435,OD_595
129,18,18,0,143.912175648703,0.0401069518716572,0.9117647058823528,OD_595
130,29,29,-0.034922297887220594,671.0424305919329,0.003478260869565371,0.012173913043478798,OD_595
131,34,34,-0.127760988673487,478.956291000221,0.00529471020368089,0.8544630353062579,OD_595
132,17,17,-0.011727257497067699,143.61346121628398,0.03989361702127692,0.9468085106382982,OD_595
133,18,18,0.007506702412868549,144.17297587131398,0.026809651474531297,0.9356568364611262,OD_595
134,29,29,-0.090797974506728,670.3404924043998,0.036521739130434897,0.39826086956521806,OD_595
135,16,16,0.9507581723678982,368.90562579647496,88.14579087720288,1971189388.87363,N
136,18,18,0.9450307134981702,124.69823451080299,83.67230838259876,2119130664.1886897,N
137,16,16,1.8843339681267004,80.310428270737,103.06539786789499,3546849027.97338,N
138,13,13,1.4146823408123899,34.57666919629429,92.86398523635339,7701034689.0936,N
139,11,11,-0.8763012070619711,337.47333151963795,47.3272189063536,764.8471552023128,N
140,13,13,0,145.235223160434,46.81266781732779,938075185.9363441,N
141,14,14,0,102.291917973462,90.51309220527331,1716814307.6915197,N
142,13,13,-0.48250904704463005,57.9010856453559,132.968185136938,1813784382.7115898,N
143,11,11,0,33.293124246079614,49.45676735086439,2138812239.2701898,N
144,9,9,0.48250904704463005,339.68636911942104,44.309929369801,50220.361156634295,N
145,19,19,6.27261761158023,383.59469240048196,58.31935721413,201415222.91705102,N
146,151,151,1.48665549708571,345.07029166765,1.1749151494510004,7072.428709472921,N
147,87,87,1.5196922859098296,124.750011798853,2.4793403654517396,25068.9729659811,N
148,108,108,0.994436867528478,56.1367785553096,1.3393109631705702,21271.2710320127,N
149,87,87,0.057355372409691796,51.9557473900689,2.1826192574497703,27151.7357484672,N
150,7,7,0.0638097966962192,506.545675047145,1.11971188940429,4.274690786277691,DryWeight
151,7,7,0.06380979669626188,506.64642735771804,1.11971188940429,4.384114713284209,DryWeight
152,6,6,0.06380979669626188,434.0812548726939,1.11971188940429,5.54762533237058,DryWeight
153,6,6,0.06716820704868103,433.429723264322,1.1250310672344896,3.0533084189979105,DryWeight
154,7,7,1.18956438487308,504.69363331737696,1.7296218890391595,3.73402205593353,DryWeight
155,7,7,1.19291527046427,503.034944949737,1.71323767456612,4.523966572445248,DryWeight
156,7,7,1.19291527046431,502.80038295835396,1.8374981174939897,5.622204700330749,DryWeight
157,7,7,1.18956438487308,502.83389181426503,1.84626348837631,5.360914369842078,DryWeight
158,23,23,0.91889634161322,479.924326183632,0.0026227856809413206,0.6396710154541672,OD_595
159,17,17,-0.00366476796782322,144.03930725414597,0.0106382978723403,0.6861702127659569,OD_595
160,17,17,0.0030026809651459998,144.278069705094,0.010723860589813198,0.6836461126005361,OD_595
161,29,29,-1.2327571154182202,671.4894360048891,0.005217391304347619,0.4434782608695651,OD_595
162,23,23,0,480.369515011548,0,0.7013333333333339,OD_595
163,15,15,2.5917239068520503,193.37954431228002,0.0106382978723405,0.75,OD_595
164,16,16,0.27450980392157504,144.11764705882402,0.0053102408071981095,0.7515733083684399,OD_595
165,29,29,-4.2632564145606005e-14,671.0843373493982,0.005217391304347839,0.5194447354635942,OD_595
166,26,26,0,480.369515011548,0,0.7946666666666669,OD_595
167,15,15,1.5714525046071202,177.74124643994,0.00531914893617014,0.856382978723404,OD_595
168,15,15,0,144.11764705882402,0.00265251989389936,0.854569095542726,OD_595
169,31,31,-1.4210854715202e-14,671.0843373493982,0.00521739130434795,0.5644525929806179,OD_595
170,24,24,-0.00491388417974292,479.56561263851,0.0026350703913911003,0.636704257880642,OD_595
171,17,17,0.2741246439939681,143.728534930474,0.00265957446808462,0.7101063829787229,OD_595
172,16,16,0.28297682709444416,143.91117052881697,0.0187165775401066,0.36631016042780706,OD_595
173,29,29,1.18037366858741,672.1983586519991,0,0.0365217391304353,OD_595
174,8,8,-0.258645464124918,93.29437685602058,1.03272814726172,760534.432499603,CFU
175,8,8,0,90.97423124820381,1,1032728.14726171,CFU
176,7,7,-0.25098189481750705,378.628221093974,1.0494917307002498,560082.1712385389,CFU
177,5,5,0,262.170706006322,1,2424462.01708232,CFU
178,6,6,-0.27397260273972507,190.70792221477097,1,1674080.0609081,CFU
179,5,5,-0.258645464124918,190.72708113803998,1.03272814726172,3455107.2945922003,CFU
180,11,11,36.05699855699859,194.33621933621905,0.998292058485558,3500.57934416505,CFU
181,13,13,9.63649762377432,204.17744490565303,0.976118947488415,1917.28413795579,CFU
182,13,13,10.2371806597159,202.565392354125,1.04397547075625,535.5290228430629,CFU
183,12,12,6.74603174603175,115.42207792207799,1.0873686376951797,6166.72435317242,CFU
184,12,12,7.443251318454401,127.46082235456899,1.3026461843735002,5349.67399309702,CFU
185,12,12,5.8548259252484485,122.971668394204,1.2695393867751796,1082.9893771039701,CFU
186,9,9,6.74603174603175,54.5454545454543,1.2628023432938,2797.0617951471,CFU
187,9,9,5.892312859692399,65.7836030399647,1.98881224454984,4390.00398487021,CFU
188,8,8,12.269577058309501,59.54819828059271,1.4846048904218498,690.5985500799751,CFU
189,10,10,48.23232323232321,629.4913419913421,1.2099732967921295,2567.9281895671597,CFU
190,11,11,47.4073322103912,633.5210752170691,1.0205286122329997,516.029378475618,CFU
191,11,11,24.743409954677595,646.7392740280061,1.17398845300731,384.023683071786,CFU
192,6,6,217.784992784993,580.7900432900431,19.880584252266498,1268.67267576939,CFU
193,7,7,71.5330415689106,514.960446369488,1.3747733992093898,1394.77386539106,CFU
194,7,7,73.36214255228337,522.3248582403511,1.0338142172174194,167.22280310400197,CFU
195,13,13,0.4329004329004531,318.34415584415603,0.956528739103029,910.9881728096881,CFU
196,11,11,-0.8910846417613809,324.64933124786995,0.972455776677133,656.209980383781,CFU
197,12,12,-1.04261935247851,329.253551612707,1.0338142172174194,233.19568112839997,CFU
198,23,23,1.8475750577366599,479.4457274826789,0.00540723633564255,0.29984295612009204,OD_595
199,13,13,0.552268244575913,144.14201183432,0.0105996159862718,0.25328164320206803,OD_595
200,17,17,0.001485442661874,144.21345811051697,0.005347593582887719,0.192513368983957,OD_595
201,29,29,-3.410605131648479e-13,670.5882352941171,0.00527859237536665,0.283284457478006,OD_595
202,23,23,0.923787528868274,480.369515011547,0.00804926866820632,0.286509622786759,OD_595
203,13,13,-0.27613412228802797,144.142011834319,0.005310271582461109,0.31072674859657096,OD_595
204,15,15,1.1177956030897198,144.21345811051697,0.024064171122994304,0.27272727272727204,OD_595
205,29,29,-4.5474735088646397e-13,671.805273833671,0.0035190615835777304,0.170674486803519,OD_595
206,6,6,0.0013356989485782097,5.01625520418553,45.47581366125429,381.81413045543695,N
207,8,8,-0.0126794421254921,9.003582295916502,49.4381414387978,304.24122034244,N
208,7,7,-0.011600928074245998,4.98839907192575,43.79451330390001,1360.86006402141,N
209,7,7,0.0035927085685116805,5.814415988534739,50.35709469823318,2341.420441722629,N
210,5,5,0.025698785640156704,3.74616977429334,60.868568793587706,5492.09727594766,N
211,6,6,8.49295085079582e-4,1.80726996592828,73.84507853777477,5635.051061733761,N
212,6,6,0,1.80778032036613,73.79419467353812,10986.118462739203,N
213,7,7,0.0032482598607890306,1.4032482598607898,53.7536328644836,6584.358204460322,N
214,6,6,0.0016256157635466996,1.1965270935960601,41.21284584035471,6021.700659591031,N
215,7,7,0.009119143593470547,6.01652018766934,36.035243868217194,122.009267692657,N
216,4,4,0.134378499440572,2834.311310190371,1.0106950857599897,591.687558881872,N
217,5,5,24.6160455375375,4103.40457523359,1.01036372073517,1225.8302445674797,N
218,4,4,25.395380589373193,4052.0650813516895,0.9788367772236559,1637.7350819744302,N
219,4,4,0,4185.48712206047,1,1557.8529369707298,N
220,4,4,24.4871657179674,3987.9282569004404,0.9997852233685232,2166.36872640319,N
221,4,4,0,4123.33598816703,0.989361802994066,1079.1804821513897,N
222,6,6,0.134378499440572,2925.82306830907,1.0106950857599897,2054.2366015201596,N
223,5,5,0,3009.3437869187,1,2352.12847604084,N
224,4,4,527.841620207076,2835.4078962339304,28.131737734355,3282.1588947933597,N
225,6,6,0.134378499440572,2904.99440089586,1.0106950857599897,2918.2033192366903,N
226,6,6,24.6160455375375,2837.9336268929205,1.01036372073517,2355.66779165304,N
227,5,5,-0.136534304244151,2833.22334736602,0.9788367772236559,2765.9341080674703,N
228,6,6,-25.263157894740296,8265.89025755879,1,591.6875588818709,N
229,8,8,0,12080.8076468693,1,734.5743097291872,N
230,6,6,25.395380589373193,12410.4221185573,0.9788367772236559,463.60710318964806,N
231,8,8,25.263157894734796,11146.1590145577,1,604.41153735083,N
232,7,7,24.6160455375375,9244.162818172052,1.01036372073517,1032.7325030645702,N
233,7,7,25.395380589373193,13608.783706906403,0.9788367772236559,407.766695936561,N
234,9,9,0.014146553328782103,12.0519947881119,246.31419329592796,13869.464914207798,N
235,6,6,0.0031250315023338996,5.0106603897216715,135.89659601544403,13657.258693885398,N
236,8,8,-0.007305998250746631,8.995333588214041,90.12114484798059,12871.499853963598,N
237,7,7,0,4.98839907192575,82.75093115492407,15276.2405790605,N
238,7,7,0.006655345381012979,5.804992490650121,111.28423446823902,6865.871234365972,N
239,5,5,0.0259692991732128,3.743095756872271,149.096509589482,10392.3806265307,N
240,6,6,0.0014787726187268598,1.80726996592828,193.825529996315,5140.25397163524,N
241,6,6,0,1.80778032036613,162.2737659293379,13025.8806127997,N
242,7,7,0.0032482598607890306,1.4032482598607898,90.02039474175629,5569.364610525811,N
243,6,6,-1.2315270935958595e-4,1.19573891625616,124.976410063433,9928.1059632567285,N
244,7,7,0.00277539152844763,6.01044075860702,110.295736071707,16987.3351282432,N
245,12,12,26.922832443427396,205.80186880244102,1.0145982827632798,554.9292231231849,CFU
246,11,11,13.978494623655902,198.38709677419402,1.0447325715100801,1666.08119392629,CFU
247,13,13,12.5123548307388,206.42914504571303,1.01895678358003,1953.6697161943798,CFU
248,11,11,21.4562674802949,124.86810322908701,1.3233855143005602,1747.9231223148297,CFU
249,9,9,26.344086021505298,118.81720430107502,4.314539066499588,1153.88261516185,CFU
250,12,12,8.71324437855202,125.02625401532,2.48630611748292,2222.91076165443,CFU
251,9,9,7.185990338164249,61.42257818459191,1.2918026517151397,2198.7673215157097,CFU
252,9,9,6.989247311827971,55.91397849462359,3.1670108612222005,922.379495488011,CFU
253,9,9,6.9526809982703,61.51470224857921,2.0849435572844603,2529.25671791876,CFU
254,10,10,50.33848207475209,653.7503178235439,1.0145982827632798,26.4528080952361,CFU
255,9,9,98.92473118279568,566.6666666666671,1.04734832520669,823.1828035759061,CFU
256,10,10,50.33358042994809,581.4677538917718,0.9953161678336497,663.582098863891,CFU
257,7,7,150.48468090516099,605.4649758454109,1.76835247702619,296.136724874978,CFU
258,8,8,74.19354838709678,590.8602150537628,1.0593329418102102,301.02002603050397,CFU
259,6,6,151.44242648875704,530.643068939956,3.2952705139848595,461.18663854075197,CFU
260,14,14,-0.648360030511071,381.0815535214849,0.9903846898248398,435.848491322112,CFU
261,14,14,1.0752688172042897,324.7311827956989,1.02943205969681,1491.55860258709,CFU
262,14,14,-0.09729429206821294,335.18192488262895,1.01895678358003,1600.28060711964,CFU
263,23,23,-0.9237875288686149,480.369515011547,0.005327174749806931,0.227621247113164,OD_595
264,13,13,1.10233913539358,144.088542892868,0.00795755968169809,0.23076923076923206,OD_595
265,15,15,0.27944111776452,143.912175648703,0.005347593582887719,0.16310160427807596,OD_595
266,29,29,-1.2459408332151698,671.7358753319741,0.0017820281353406703,0.15563538669147806,OD_595
267,22,22,1.8377926832264497,479.22655463010693,0.005270140782781759,0.25903540453551493,OD_595
268,15,15,-0.005863628748524971,143.82162003685698,0.018617021276595497,0.25,OD_595
269,15,15,0.00525469168900372,143.96954423592499,0.0187667560321723,0.23860589812332503,OD_595
270,29,29,-0.027937838309725297,670.66876200454,0.005217391304347619,0.222608695652174,OD_595
271,23,23,0.91889634161322,479.23638239846696,0.0026227856809413206,0.32786663718336206,OD_595
272,16,16,0.269726922432575,143.443415982577,0.018617021276595497,0.5664893617021268,OD_595
273,16,16,0.2860053619302931,143.959034852547,0.0214477211796251,0.227882037533512,OD_595
274,29,29,-0.03143006809844451,670.563995110878,0.00695652173913031,0.264347826086957,OD_595
275,12,12,13.9169095221953,950.6422106527829,1183.86816923108,20823.026744974002,N
276,12,12,14.978442338299502,950.8818724369,742.2315793873571,20409.300511277495,N
277,13,13,11.878438302269602,1014.24465708665,1250.7716536537203,20578.798221732002,N
278,13,13,28.6492947645229,1036.09454972117,773.68482476144,21928.303171879197,N
279,13,13,16.179775280898603,1014.3406794918799,1134.7517730495001,19420.488106011006,N
280,13,13,16.179775280898802,1014.83311871869,1267.60563380283,14565.0226646591,N
281,13,13,10.786516853932701,1019.32584269663,1134.7517730496802,13861.749479133803,N
282,13,13,16.179775280898603,1014.80745507285,1267.60563380283,14074.231469203702,N
283,14,14,16.179775280898603,1014.29266828927,610.4072037612789,14036.987589078099,N
284,12,12,10.786516853932701,1013.9325842696601,1267.6056338028,15310.4233710871,N
285,11,11,12.1581320824687,849.929471845639,87.80208861173008,5042.720573872821,N
286,11,11,10.732258976533899,849.0132880972579,113.85137339340898,5631.67999342727,N
287,11,11,11.4786004882021,849.3656631407648,113.34418226208099,6761.676159479362,N
288,12,12,12.050474226804003,1014.7078409425601,175.767354043084,5012.71878048321,N
289,12,12,12.659340659339302,1014.8571428571399,285.9584859582249,6694.627594627291,N
290,11,11,13.455672693084603,1015.89186356561,145.712799310917,19699.664375547298,N
291,11,11,13.505263482375899,1015.9414543548999,156.605197702724,22285.20673013,N
292,11,11,12.049694825912901,1015.99104514419,1009.40388628522,21625.627579976193,N
293,11,11,13.6044450609591,1013.03031704197,117.01914844961001,26877.1884434779,N
294,10,10,-22.902868147292303,972.7090376308572,-668.2839359007781,20215.0786919774,N
295,11,11,8.10796462920274,1014.6939736346502,379.5735884514139,20106.621466196695,N
296,10,10,41.41281840480259,1045.9733123248798,1171.2945735114,23933.2728939867,N
297,11,11,11.547975010660599,1012.47900643743,583.2577291979248,23971.085912863204,N
298,11,11,13.1027252457075,1011.52515759622,247.620090941506,21030.2959487668,N
299,11,11,12.148876404496397,1010.571308755,181.64334218624597,21756.040185071502,N
300,14,14,1.40679953106678,128.018757327081,48.5595873508849,953024843.747442,N
301,17,17,2.81359906213356,96.1313012895662,66.80336882367278,1720052607.1875799,N
302,15,15,1.8757327080890298,58.147713950762,82.65242665725658,1727792637.3875098,N
303,14,14,-0.468933177022336,30.949589683469995,41.4076900447241,1478475784.4209,N
304,9,9,0.937866354044502,383.118405627198,35.29372093647751,108878.68652255501,N
305,20,20,0.937866354044473,337.162954279015,39.255362130490404,417077044.6448691,N
