curve_num,n_points,n_unique_time,time_min,time_max,pop_min,pop_max,PopBio_units,has_nonpositive,has_decline
1,22,22,-0.9237875288686148,479.4457274826789,0.00532717474980693,0.17663433410315502,OD_595,FALSE,TRUE
2,15,15,-0.27906392729897805,143.846101528207,0.01061007957559749,0.14323607427055798,OD_595,FALSE,TRUE
3,15,15,0.558882235528927,143.912175648703,0.01336898395721949,0.13903743315508005,OD_595,FALSE,TRUE
4,29,29,-1.26812375606164,671.950310252824,0.01249637987023,0.0539932342085316,OD_595,FALSE,TRUE
5,22,22,-1.13686837721616e-13,480.369515011547,0.00802463433410305,0.24789530408006105,OD_595,FALSE,TRUE
6,14,14,-0.276134122288056,143.86587771203202,0.0159203511580579,0.19803389156582404,OD_595,FALSE,TRUE
7,16,16,0.00445632798576411,144.01143790849704,0.01604278074866269,0.441176470588235,OD_595,FALSE,FALSE
8,29,29,-2.2737367544323198e-13,671.805273833671,0.0175953079178884,0.13020527859237505,OD_595,FALSE,FALSE
9,25,25,1.84757505773666,480.369515011547,0.00274056966897596,0.226586605080831,OD_595,FALSE,TRUE
10,15,15,-0.276134122287999,143.86587771203202,0.0053102715824611,0.409780316942121,OD_595,FALSE,TRUE
11,16,16,0.28149138443259897,143.91117052881697,0.0133689839572189,0.36631016042780706,OD_595,FALSE,TRUE
12,29,29,-3.4106051316484794e-13,670.5882352941171,0.00879765395894438,0.11085043988269798,OD_595,FALSE,FALSE
13,11,11,11.3471678467513,194.04377312512895,0.97670498330193,3566.34452917529,CFU,FALSE,TRUE
14,10,10,23.868312757201696,165.43209876543202,0.9793821813312396,819.2041607667641,CFU,FALSE,FALSE
15,12,12,24.521774521774297,193.96200861717904,1.0043409693753902,428.555537731446,CFU,FALSE,TRUE
16,9,9,11.6746649624872,104.958709482186,1.7960216078595197,3917.9932132229305,CFU,FALSE,FALSE
17,9,9,20.5761316872428,101.646090534979,1.5488302986341296,1364.78201650726,CFU,FALSE,FALSE
18,8,8,21.223667775391696,102.439546405063,1.4196264727828696,534.0094946226191,CFU,FALSE,FALSE
19,10,10,3.4872370690899905,49.968434852462096,1.4381302253279598,1457.57227202074,CFU,FALSE,FALSE
20,8,8,11.522633744856,47.325102880658406,1.3956124250860902,457.14471326891,CFU,FALSE,FALSE
21,8,8,3.0840806702875905,47.1962584031545,1.31604750701147,425.239720821317,CFU,FALSE,FALSE
22,9,9,47.80461462349279,547.6529356781731,1.29504408649357,771.6116035580791,CFU,FALSE,TRUE
23,10,10,48.14814814814821,547.7366255144028,1.02105186214511,371.17240815363806,CFU,FALSE,FALSE
24,10,10,48.43304843304799,555.2860932171222,1.2385342800046295,397.7166157175689,CFU,FALSE,FALSE
25,6,6,141.807983165255,501.557716638347,1.32368149647086,11799.7133026411,CFU,FALSE,TRUE
26,7,7,71.604938271605,500.24691358024694,1.25232271619186,474.613125718313,CFU,FALSE,TRUE
27,7,7,72.3443223443217,506.8698861802261,1.68437311276258,905.4836205185773,CFU,FALSE,FALSE
28,12,12,-0.349157715244729,316.106626690119,0.9807115293452888,8259.2790789734,CFU,FALSE,TRUE
29,14,14,0.8230452674897322,314.07407407407396,0.9793821813312396,2871.2420925789,CFU,FALSE,TRUE
30,14,14,-0.626289419392833,317.64101160652604,0.9685110388543288,2089.8050025236703,CFU,FALSE,FALSE
31,12,12,13.224438860112498,213.39043027847603,1.0540855790664905,1119.21099828323,CFU,FALSE,FALSE
32,12,12,24.2718446601942,192.718446601942,1.04998983986637,467.005700118048,CFU,FALSE,TRUE
33,12,12,13.2930065113312,206.138176623676,0.996239913640834,680.025384910909,CFU,FALSE,TRUE
34,9,9,20.873378121955003,116.82257209771396,1.43822799801308,1323.05640394134,CFU,FALSE,FALSE
35,10,10,10.6796116504854,102.427184466019,1.1575913956831998,1487.53854364841,CFU,FALSE,FALSE
36,9,9,16.893155128479204,111.39007929641,1.1248314329943998,343.942358872367,CFU,FALSE,FALSE
37,9,9,8.359488520778882,56.75590201206911,1.4042577392250202,467.74445743382006,CFU,FALSE,FALSE
38,8,8,12.621359223301,48.0582524271845,1.7101573192660502,540.601780191663,CFU,FALSE,FALSE
39,6,6,22.5026890203144,54.3319099339367,2.78844646298452,269.9862588202349,CFU,FALSE,FALSE
40,9,9,50.13338290852531,597.6371437851519,1.02918858084708,2265.4208772352604,CFU,FALSE,FALSE
41,10,10,72.3300970873786,550.970873786408,1.0759142139051796,610.7172867874899,CFU,FALSE,FALSE
42,10,10,49.09913578110531,576.3674134848007,1.1152975249115604,396.0536465148541,CFU,FALSE,FALSE
43,7,7,75.7657657657658,546.766073473854,1.15984384787522,2583.71091070578,CFU,FALSE,FALSE
44,6,6,144.17475728155296,502.912621359223,5.514147559752549,1399.5449667537998,CFU,FALSE,TRUE
45,6,6,149.79166454598797,526.830484837997,3.1966228974686697,498.94179168682103,CFU,FALSE,FALSE
46,14,14,-1.39853325811578,344.53318118877894,1.00487963784124,1355.0623293335698,CFU,FALSE,TRUE
47,13,13,0.970873786407779,315.53398058252395,1.02469011894639,2513.0898542715304,CFU,FALSE,TRUE
48,15,15,-0.7726904114794592,333.734141566316,1.00013997457529,1025.93165075642,CFU,FALSE,FALSE
49,17,17,23.1958762886598,595.3608247422678,2.744361740346631,244.046305021096,CFU,FALSE,FALSE
50,8,8,3.0927835051546397,236.59793814433,2.7182818284590504,295.399476201036,CFU,FALSE,TRUE
51,5,5,3.0927835051546397,91.23711340206192,2.744361740346631,646.328648475562,CFU,FALSE,FALSE
52,8,8,3.0927835051546397,218.041237113402,2.744361740346631,46.33574214905071,CFU,FALSE,FALSE
53,11,11,1.5463917525773396,334.020618556701,2.7182818284590504,646.328648475562,CFU,FALSE,FALSE
54,14,14,1.5516700678572,438.9426463837541,2.72250258330189,75.5350862686161,CFU,FALSE,FALSE
55,8,8,1.5516700678572,223.857722671927,2.74424548186552,564.8194553833629,CFU,FALSE,FALSE
56,9,9,3.10334013571435,169.75106921612,2.7705253568895203,207.924797483952,CFU,FALSE,FALSE
57,9,9,3.108794160557411,222.333322728285,2.71834877343238,508.7280880675699,CFU,FALSE,FALSE
58,10,10,1.5516700678572,342.275510064948,2.74424548186552,210.552794224014,CFU,FALSE,FALSE
59,19,19,1.5624999999999398,598.4374999999999,2.723523569376941,2.7573246936310203,CFU,FALSE,FALSE
60,8,8,3.1249999999999702,239.0625,2.77080979773788,147.348512731609,CFU,FALSE,FALSE
61,8,8,3.1249999999999702,237.5,2.77080979773788,200.389009320527,CFU,FALSE,FALSE
62,7,7,1.5624999999999398,189.0625,2.77087912181498,225.21370566046895,CFU,FALSE,FALSE
63,17,17,3.125,526.5624999999999,2.744317150851401,115.401101274884,CFU,FALSE,FALSE
64,18,18,3.1364990362712595,598.4609543835059,2.72295772781862,2.7709895272579708,CFU,FALSE,FALSE
65,7,7,3.1481805969277707,241.974767828982,2.7703684050811397,389.0855759219749,CFU,FALSE,FALSE
66,8,8,3.1481805969277707,266.94994451258697,2.7703684050811397,373.53029631187894,CFU,FALSE,FALSE
67,8,8,3.1598621575842594,217.10472519128595,2.7969937788592505,432.738611861733,CFU,FALSE,FALSE
68,14,14,4.69890777407863,527.6852987559139,2.7437914465558007,316.550203321267,CFU,FALSE,FALSE
69,18,18,0,601.6260162601621,2.7309366786460307,523.4832703166472,CFU,FALSE,FALSE
70,9,9,1.6260162601626,117.073170731707,2.74565157613925,715.1026743159339,CFU,FALSE,TRUE
71,10,10,3.2520325203251996,588.6178861788621,2.7632798320977106,2.8048538340525497,CFU,FALSE,FALSE
72,16,16,1.6260162601626,600,2.7405404677594505,2.8007667600441,CFU,FALSE,FALSE
73,12,12,1.6260162601626,458.536585365854,2.74565157613925,743.9997721510281,CFU,FALSE,FALSE
74,19,19,5.187144019528029,601.4442636289659,2.7177825144575305,455.682528803618,CFU,FALSE,FALSE
75,7,7,3.4682668836452395,99.5423108218064,2.7469789890441194,281.299425104086,CFU,FALSE,FALSE
76,10,10,1.73921887713601,213.598454027665,2.74563363418563,262.86295467758697,CFU,FALSE,FALSE
77,17,17,1.7290480065093998,601.7290480065091,2.6856875223971004,2.7386651731760696,CFU,FALSE,FALSE
78,13,13,1.72904800650952,461.48291293734695,2.7181153802666502,592.9837449787673,CFU,FALSE,TRUE
79,13,13,74.99722962129954,530.3982368078671,2.7482793003594503,134.43879047690402,CFU,FALSE,FALSE
80,14,14,3.18901370414002,271.4601742670809,2.74507240855334,1308.2740622595898,CFU,FALSE,TRUE
81,11,11,30.3165619395114,269.94816313631503,2.74628346097306,959.700418926148,CFU,FALSE,TRUE
82,16,16,1.59327557264757,599.997537441155,2.72449534525147,2.7851037382502803,CFU,FALSE,FALSE
83,9,9,1.59327557264757,337.222808220022,2.74500118680927,192.27475508145992,CFU,FALSE,FALSE
84,22,22,-1.13686837721616e-13,480.369515011547,0.00266666666666637,0.221222478829868,OD_595,FALSE,FALSE
85,15,15,0.27540167103521207,144.059244842758,0.00265251989389981,0.299734748010611,OD_595,FALSE,FALSE
86,17,17,0.27944111776449204,143.912175648703,0.00534759358288771,0.37700534759358295,OD_595,FALSE,TRUE
87,29,29,-3.723033884414461,672.0501334056339,-0.00343465588740943,0.00442179595408132,OD_595,TRUE,TRUE
88,22,22,2.77136258660506,480.369515011548,0.00533333333333341,0.17333333333333403,OD_595,FALSE,TRUE
89,14,14,1.295861953426,177.465655888759,0.00531914893617014,0.2872340425531919,OD_595,FALSE,TRUE
90,15,15,0.5490196078431421,143.843137254902,1.04020387996506e-5,0.28563478441774603,OD_595,FALSE,TRUE
91,29,29,-1.4210854715202e-14,672.2891566265062,-0.00118386589837594,0.00661079099004735,OD_595,TRUE,TRUE
92,22,22,-0.923787528868374,479.4457274826789,0.00800000000000023,0.33599999999999997,OD_595,FALSE,TRUE
93,12,12,1.94379293013904,184.81571452504596,0.00797872340425521,0.351063829787234,OD_595,FALSE,TRUE
94,15,15,0,143.843137254902,0.00265251989389936,0.351947781765226,OD_595,FALSE,TRUE
95,29,29,-1.4210854715202e-14,669.879518072289,0.00521739130434795,0.28515103893836197,OD_595,FALSE,FALSE
96,24,24,-1.13686837721616e-13,479.4457274826789,0.0159999999999991,0.5531208622016931,OD_595,FALSE,TRUE
97,17,17,-0.27979637855170797,144.069499160297,0.01061007957559749,0.5676392572944302,OD_595,FALSE,TRUE
98,17,17,0.27944111776446307,144.19161676646698,0.0187165775401064,0.641711229946525,OD_595,FALSE,TRUE
99,29,29,-1.27551806367717,671.3920400278521,0.0160678304485264,0.31956348937376405,OD_595,FALSE,FALSE
100,24,24,-1.13686837721616e-13,479.4457274826789,0.00802463433410305,0.687150115473441,OD_595,FALSE,TRUE
101,15,15,0.552268244575856,144.14201183432,0.0159046557740703,0.797048221451405,OD_595,FALSE,TRUE
102,17,17,0.0037136066547987,144.09165181224,0.0133689839572189,0.7780748663101601,OD_595,FALSE,FALSE
103,29,29,-3.4106051316484794e-13,670.588235294118,0.0140762463343111,0.404692082111437,OD_595,FALSE,FALSE
104,23,23,-1.13686837721616e-13,480.369515011547,0.00266666666666593,0.752954580446496,OD_595,FALSE,TRUE
105,16,16,-0.28199373230995706,143.690089411371,0.0212201591511936,0.8037135278514589,OD_595,FALSE,TRUE
106,18,18,0,143.632734530938,0.02941176470588269,0.8181818181818181,OD_595,FALSE,TRUE
107,29,29,-1.24594083321506,672.0464362518261,-1.51583306118086e-4,0.0103557278155368,OD_595,TRUE,TRUE
108,25,25,5.488808628780601,479.830962384217,0.02915776025159109,0.7247917741578841,OD_595,FALSE,TRUE
109,16,16,0.5453174736136721,143.74759172390694,0.01861702127659589,0.7978723404255319,OD_595,FALSE,TRUE
110,18,18,0.00450402144771544,144.008579088472,0.016085790884719,0.8739946380697052,OD_595,FALSE,TRUE
111,29,29,-0.03841452767591141,672.247249869041,0.00347826086956537,0.0139130434782615,OD_595,FALSE,TRUE
112,30,30,-1.4210854715202e-14,479.4457274826789,0.0266666666666668,0.858666666666667,OD_595,FALSE,FALSE
113,17,17,3.82015412966996,277.156140056961,0.0292553191489362,0.952127659574468,OD_595,FALSE,FALSE
114,17,17,0,143.843137254902,0.0265251989389923,0.956264627867062,OD_595,FALSE,FALSE
115,29,29,-4.2632564145606005e-14,669.879518072289,0.0295652173913047,0.581917234154007,OD_595,FALSE,FALSE
116,9,9,0.00471551777626188,12.0342495501644,90.21562544576142,2095.5620804127693,N,FALSE,FALSE
117,6,6,0.00153731388421318,5.01950624502263,51.4457901258215,2790.3455071764706,N,FALSE,FALSE
118,8,8,-0.0136692870497868,9.00641042427163,36.4881106576891,417.31362274889295,N,FALSE,FALSE
119,7,7,0,5,60.1988620095063,7585.676560749591,N,FALSE,FALSE
120,7,7,0.00229697760937596,5.80316668793498,36.2666102451464,4292.525233541542,N,FALSE,FALSE
121,5,5,0.01900972373190649,3.7528588362015993,36.3243595048996,9203.083149119391,N,FALSE,FALSE
122,6,6,0.00104912922274547,1.8076696342036096,100.314986290562,9485.78113866936,N,FALSE,FALSE
123,6,6,0,1.80778032036613,101.057589347325,14849.149065112204,N,FALSE,FALSE
124,7,7,0.00324825986078903,1.4032482598607898,36.37152735026099,8212.8052083955,N,FALSE,FALSE
125,6,6,5.418719211821581e-4,1.1957142857142895,81.96153075083201,10903.891250846402,N,FALSE,FALSE
126,7,7,-0.00753320557721703,6.017445318178809,32.57868468019329,547.3679570018008,N,FALSE,FALSE
127,29,29,0.923787528868161,479.4457274826789,0.05867282525019159,0.77428791377983,OD_595,FALSE,FALSE
128,17,17,-0.01098676879124129,143.92081155598802,0.0397877984084887,0.883289124668435,OD_595,FALSE,FALSE
129,18,18,0,143.912175648703,0.0401069518716572,0.9117647058823528,OD_595,FALSE,FALSE
130,29,29,-0.03492229788722059,671.0424305919329,0.00347826086956537,0.01217391304347879,OD_595,FALSE,FALSE
131,34,34,-0.127760988673487,478.956291000221,0.00529471020368089,0.8544630353062579,OD_595,FALSE,TRUE
132,17,17,-0.01172725749706769,143.61346121628398,0.03989361702127692,0.9468085106382982,OD_595,FALSE,FALSE
133,18,18,0.00750670241286854,144.17297587131398,0.02680965147453129,0.9356568364611262,OD_595,FALSE,FALSE
134,29,29,-0.090797974506728,670.3404924043998,0.03652173913043489,0.39826086956521806,OD_595,FALSE,FALSE
135,16,16,0.9507581723678982,368.90562579647496,88.14579087720288,1971189388.87363,N,FALSE,FALSE
136,18,18,0.9450307134981702,124.698234510803,83.67230838259876,2119130664.1886897,N,FALSE,FALSE
137,16,16,1.8843339681267004,80.310428270737,103.065397867895,3546849027.97338,N,FALSE,FALSE
138,13,13,1.41468234081239,34.57666919629429,92.8639852363534,7701034689.0936,N,FALSE,FALSE
139,11,11,-0.8763012070619711,337.47333151963795,47.3272189063536,764.8471552023128,N,FALSE,TRUE
140,13,13,0,145.235223160434,46.81266781732779,938075185.936344,N,FALSE,FALSE
141,14,14,0,102.291917973462,90.51309220527332,1716814307.6915195,N,FALSE,FALSE
142,13,13,-0.4825090470446301,57.9010856453559,132.968185136938,1813784382.7115896,N,FALSE,FALSE
143,11,11,0,33.293124246079614,49.45676735086439,2138812239.2701895,N,FALSE,TRUE
144,9,9,0.4825090470446301,339.68636911942104,44.309929369801,50220.361156634295,N,FALSE,FALSE
145,19,19,6.27261761158023,383.5946924004819,58.31935721413,201415222.91705105,N,FALSE,FALSE
146,151,151,1.48665549708571,345.07029166765,1.1749151494510004,7072.428709472921,N,FALSE,TRUE
147,87,87,1.5196922859098296,124.750011798853,2.4793403654517396,25068.9729659811,N,FALSE,TRUE
148,108,108,0.994436867528478,56.1367785553096,1.3393109631705702,21271.2710320127,N,FALSE,TRUE
149,87,87,0.05735537240969179,51.9557473900689,2.1826192574497703,27151.7357484672,N,FALSE,TRUE
150,7,7,0.0638097966962192,506.545675047145,1.11971188940429,4.274690786277691,DryWeight,FALSE,TRUE
151,7,7,0.06380979669626188,506.6464273577181,1.11971188940429,4.384114713284209,DryWeight,FALSE,FALSE
152,6,6,0.06380979669626188,434.0812548726939,1.11971188940429,5.54762533237058,DryWeight,FALSE,FALSE
153,6,6,0.06716820704868103,433.429723264322,1.1250310672344896,3.0533084189979105,DryWeight,FALSE,TRUE
154,7,7,1.18956438487308,504.69363331737696,1.7296218890391597,3.73402205593353,DryWeight,FALSE,FALSE
155,7,7,1.19291527046427,503.034944949737,1.71323767456612,4.523966572445248,DryWeight,FALSE,TRUE
156,7,7,1.19291527046431,502.8003829583539,1.8374981174939895,5.622204700330749,DryWeight,FALSE,FALSE
157,7,7,1.18956438487308,502.83389181426503,1.84626348837631,5.360914369842078,DryWeight,FALSE,FALSE
158,23,23,0.91889634161322,479.924326183632,0.00262278568094132,0.6396710154541672,OD_595,FALSE,TRUE
159,17,17,-0.00366476796782322,144.03930725414597,0.0106382978723403,0.6861702127659569,OD_595,FALSE,TRUE
160,17,17,0.00300268096514599,144.278069705094,0.01072386058981319,0.6836461126005361,OD_595,FALSE,TRUE
161,29,29,-1.2327571154182202,671.4894360048891,0.00521739130434761,0.4434782608695651,OD_595,FALSE,TRUE
162,23,23,0,480.369515011548,0,0.7013333333333339,OD_595,TRUE,TRUE
163,15,15,2.5917239068520503,193.37954431228,0.0106382978723405,0.75,OD_595,FALSE,TRUE
164,16,16,0.27450980392157504,144.11764705882402,0.0053102408071981,0.7515733083684399,OD_595,FALSE,TRUE
165,29,29,-4.2632564145606005e-14,671.0843373493982,0.00521739130434783,0.5194447354635942,OD_595,FALSE,TRUE
166,26,26,0,480.369515011548,0,0.7946666666666669,OD_595,TRUE,TRUE
167,15,15,1.5714525046071202,177.74124643994,0.00531914893617014,0.856382978723404,OD_595,FALSE,TRUE
168,15,15,0,144.11764705882402,0.00265251989389936,0.854569095542726,OD_595,FALSE,TRUE
169,31,31,-1.4210854715202e-14,671.0843373493982,0.00521739130434795,0.5644525929806179,OD_595,FALSE,TRUE
170,24,24,-0.00491388417974292,479.56561263851,0.0026350703913911,0.636704257880642,OD_595,FALSE,TRUE
171,17,17,0.2741246439939681,143.728534930474,0.00265957446808462,0.7101063829787229,OD_595,FALSE,TRUE
172,16,16,0.28297682709444416,143.91117052881697,0.0187165775401066,0.36631016042780706,OD_595,FALSE,TRUE
173,29,29,1.18037366858741,672.1983586519991,0,0.0365217391304353,OD_595,TRUE,FALSE
174,8,8,-0.258645464124918,93.29437685602058,1.03272814726172,760534.432499603,CFU,FALSE,FALSE
175,8,8,0,90.9742312482038,1,1032728.14726171,CFU,FALSE,FALSE
176,7,7,-0.25098189481750705,378.628221093974,1.0494917307002498,560082.1712385389,CFU,FALSE,FALSE
177,5,5,0,262.170706006322,1,2424462.01708232,CFU,FALSE,TRUE
178,6,6,-0.27397260273972507,190.70792221477095,1,1674080.0609081,CFU,FALSE,TRUE
179,5,5,-0.258645464124918,190.72708113804,1.03272814726172,3455107.2945922003,CFU,FALSE,FALSE
180,11,11,36.05699855699859,194.33621933621905,0.998292058485558,3500.57934416505,CFU,FALSE,TRUE
181,13,13,9.63649762377432,204.17744490565303,0.976118947488415,1917.28413795579,CFU,FALSE,TRUE
182,13,13,10.2371806597159,202.565392354125,1.04397547075625,535.5290228430629,CFU,FALSE,TRUE
183,12,12,6.74603174603175,115.422077922078,1.0873686376951797,6166.72435317242,CFU,FALSE,FALSE
184,12,12,7.443251318454401,127.460822354569,1.3026461843735002,5349.67399309702,CFU,FALSE,FALSE
185,12,12,5.8548259252484485,122.971668394204,1.2695393867751796,1082.98937710397,CFU,FALSE,FALSE
186,9,9,6.74603174603175,54.5454545454543,1.2628023432938,2797.0617951471,CFU,FALSE,FALSE
187,9,9,5.892312859692399,65.7836030399647,1.98881224454984,4390.00398487021,CFU,FALSE,FALSE
188,8,8,12.2695770583095,59.54819828059271,1.4846048904218498,690.5985500799751,CFU,FALSE,FALSE
189,10,10,48.23232323232321,629.4913419913421,1.2099732967921295,2567.9281895671597,CFU,FALSE,FALSE
190,11,11,47.4073322103912,633.5210752170691,1.0205286122329995,516.029378475618,CFU,FALSE,TRUE
191,11,11,24.743409954677595,646.7392740280061,1.17398845300731,384.023683071786,CFU,FALSE,FALSE
192,6,6,217.784992784993,580.7900432900431,19.880584252266495,1268.67267576939,CFU,FALSE,TRUE
193,7,7,71.5330415689106,514.960446369488,1.3747733992093898,1394.77386539106,CFU,FALSE,TRUE
194,7,7,73.36214255228337,522.3248582403511,1.0338142172174194,167.22280310400197,CFU,FALSE,TRUE
195,13,13,0.4329004329004531,318.34415584415603,0.956528739103029,910.988172809688,CFU,FALSE,FALSE
196,11,11,-0.8910846417613809,324.64933124786995,0.972455776677133,656.209980383781,CFU,FALSE,TRUE
197,12,12,-1.04261935247851,329.253551612707,1.0338142172174194,233.19568112839997,CFU,FALSE,TRUE
198,23,23,1.84757505773666,479.4457274826789,0.00540723633564255,0.29984295612009204,OD_595,FALSE,TRUE
199,13,13,0.552268244575913,144.14201183432,0.0105996159862718,0.25328164320206803,OD_595,FALSE,TRUE
200,17,17,0.001485442661874,144.21345811051697,0.00534759358288771,0.192513368983957,OD_595,FALSE,TRUE
201,29,29,-3.4106051316484794e-13,670.5882352941171,0.00527859237536665,0.283284457478006,OD_595,FALSE,TRUE
202,23,23,0.923787528868274,480.369515011547,0.00804926866820632,0.286509622786759,OD_595,FALSE,TRUE
203,13,13,-0.27613412228802797,144.142011834319,0.0053102715824611,0.31072674859657096,OD_595,FALSE,FALSE
204,15,15,1.1177956030897198,144.21345811051697,0.0240641711229943,0.27272727272727204,OD_595,FALSE,TRUE
205,29,29,-4.54747350886464e-13,671.805273833671,0.00351906158357773,0.170674486803519,OD_595,FALSE,TRUE
206,6,6,0.0013356989485782,5.01625520418553,45.47581366125429,381.81413045543695,N,FALSE,FALSE
207,8,8,-0.0126794421254921,9.003582295916502,49.4381414387978,304.24122034244,N,FALSE,FALSE
208,7,7,-0.01160092807424599,4.98839907192575,43.79451330390001,1360.86006402141,N,FALSE,FALSE
209,7,7,0.00359270856851168,5.814415988534739,50.35709469823318,2341.420441722629,N,FALSE,FALSE
210,5,5,0.0256987856401567,3.74616977429334,60.868568793587706,5492.09727594766,N,FALSE,FALSE
211,6,6,8.49295085079582e-4,1.80726996592828,73.84507853777477,5635.051061733761,N,FALSE,FALSE
212,6,6,0,1.80778032036613,73.79419467353812,10986.118462739203,N,FALSE,FALSE
213,7,7,0.00324825986078903,1.4032482598607898,53.7536328644836,6584.358204460322,N,FALSE,TRUE
214,6,6,0.00162561576354669,1.19652709359606,41.21284584035471,6021.700659591031,N,FALSE,FALSE
215,7,7,0.00911914359347054,6.01652018766934,36.035243868217194,122.009267692657,N,FALSE,FALSE
216,4,4,0.134378499440572,2834.311310190371,1.0106950857599897,591.687558881872,N,FALSE,FALSE
217,5,5,24.6160455375375,4103.40457523359,1.01036372073517,1225.8302445674797,N,FALSE,FALSE
218,4,4,25.395380589373193,4052.0650813516895,0.978836777223656,1637.7350819744302,N,FALSE,FALSE
219,4,4,0,4185.48712206047,1,1557.8529369707298,N,FALSE,FALSE
220,4,4,24.4871657179674,3987.92825690044,0.9997852233685232,2166.36872640319,N,FALSE,FALSE
221,4,4,0,4123.33598816703,0.989361802994066,1079.1804821513897,N,FALSE,FALSE
222,6,6,0.134378499440572,2925.82306830907,1.0106950857599897,2054.2366015201596,N,FALSE,FALSE
223,5,5,0,3009.3437869187,1,2352.12847604084,N,FALSE,FALSE
224,4,4,527.841620207076,2835.4078962339304,28.131737734355,3282.1588947933597,N,FALSE,FALSE
225,6,6,0.134378499440572,2904.99440089586,1.0106950857599897,2918.2033192366903,N,FALSE,FALSE
226,6,6,24.6160455375375,2837.9336268929205,1.01036372073517,2355.66779165304,N,FALSE,FALSE
227,5,5,-0.136534304244151,2833.22334736602,0.978836777223656,2765.9341080674703,N,FALSE,FALSE
228,6,6,-25.263157894740296,8265.89025755879,1,591.6875588818709,N,FALSE,FALSE
229,8,8,0,12080.8076468693,1,734.5743097291872,N,FALSE,FALSE
230,6,6,25.395380589373193,12410.4221185573,0.978836777223656,463.60710318964806,N,FALSE,FALSE
231,8,8,25.263157894734796,11146.1590145577,1,604.41153735083,N,FALSE,FALSE
232,7,7,24.6160455375375,9244.162818172052,1.01036372073517,1032.7325030645702,N,FALSE,FALSE
233,7,7,25.395380589373193,13608.783706906404,0.978836777223656,407.766695936561,N,FALSE,FALSE
234,9,9,0.0141465533287821,12.0519947881119,246.31419329592796,13869.464914207798,N,FALSE,FALSE
235,6,6,0.00312503150233389,5.0106603897216715,135.89659601544403,13657.258693885398,N,FALSE,FALSE
236,8,8,-0.00730599825074663,8.995333588214041,90.1211448479806,12871.499853963598,N,FALSE,FALSE
237,7,7,0,4.98839907192575,82.75093115492407,15276.2405790605,N,FALSE,FALSE
238,7,7,0.00665534538101297,5.804992490650121,111.28423446823902,6865.871234365972,N,FALSE,FALSE
239,5,5,0.0259692991732128,3.743095756872271,149.096509589482,10392.3806265307,N,FALSE,FALSE
240,6,6,0.00147877261872685,1.80726996592828,193.825529996315,5140.25397163524,N,FALSE,FALSE
241,6,6,0,1.80778032036613,162.2737659293379,13025.8806127997,N,FALSE,FALSE
242,7,7,0.00324825986078903,1.4032482598607898,90.02039474175629,5569.364610525811,N,FALSE,FALSE
243,6,6,-1.2315270935958595e-4,1.19573891625616,124.976410063433,9928.1059632567285,N,FALSE,FALSE
244,7,7,0.00277539152844763,6.01044075860702,110.295736071707,16987.3351282432,N,FALSE,FALSE
245,12,12,26.922832443427396,205.80186880244105,1.0145982827632798,554.9292231231849,CFU,FALSE,FALSE
246,11,11,13.978494623655902,198.387096774194,1.04473257151008,1666.08119392629,CFU,FALSE,FALSE
247,13,13,12.5123548307388,206.42914504571303,1.01895678358003,1953.66971619438,CFU,FALSE,TRUE
248,11,11,21.4562674802949,124.868103229087,1.3233855143005602,1747.9231223148297,CFU,FALSE,FALSE
249,9,9,26.344086021505294,118.81720430107502,4.314539066499588,1153.88261516185,CFU,FALSE,FALSE
250,12,12,8.71324437855202,125.02625401532,2.48630611748292,2222.91076165443,CFU,FALSE,FALSE
251,9,9,7.185990338164249,61.42257818459191,1.2918026517151395,2198.7673215157097,CFU,FALSE,FALSE
252,9,9,6.989247311827971,55.91397849462359,3.1670108612222005,922.379495488011,CFU,FALSE,FALSE
253,9,9,6.9526809982703,61.51470224857921,2.0849435572844603,2529.25671791876,CFU,FALSE,FALSE
254,10,10,50.33848207475209,653.7503178235439,1.0145982827632798,26.4528080952361,CFU,FALSE,TRUE
255,9,9,98.92473118279568,566.6666666666671,1.04734832520669,823.1828035759061,CFU,FALSE,FALSE
256,10,10,50.33358042994809,581.4677538917718,0.9953161678336496,663.582098863891,CFU,FALSE,FALSE
257,7,7,150.484680905161,605.4649758454109,1.76835247702619,296.136724874978,CFU,FALSE,TRUE
258,8,8,74.19354838709678,590.8602150537628,1.0593329418102102,301.02002603050397,CFU,FALSE,FALSE
259,6,6,151.44242648875704,530.643068939956,3.2952705139848595,461.18663854075203,CFU,FALSE,TRUE
260,14,14,-0.648360030511071,381.0815535214849,0.9903846898248398,435.848491322112,CFU,FALSE,FALSE
261,14,14,1.0752688172042897,324.7311827956989,1.02943205969681,1491.55860258709,CFU,FALSE,TRUE
262,14,14,-0.09729429206821294,335.18192488262895,1.01895678358003,1600.28060711964,CFU,FALSE,TRUE
263,23,23,-0.9237875288686148,480.369515011547,0.00532717474980693,0.227621247113164,OD_595,FALSE,TRUE
264,13,13,1.10233913539358,144.088542892868,0.00795755968169809,0.2307692307692321,OD_595,FALSE,TRUE
265,15,15,0.27944111776452,143.912175648703,0.00534759358288771,0.16310160427807596,OD_595,FALSE,TRUE
266,29,29,-1.2459408332151698,671.7358753319741,0.00178202813534067,0.15563538669147806,OD_595,FALSE,FALSE
267,22,22,1.8377926832264495,479.22655463010693,0.00527014078278175,0.25903540453551493,OD_595,FALSE,TRUE
268,15,15,-0.00586362874852497,143.82162003685698,0.01861702127659549,0.25,OD_595,FALSE,TRUE
269,15,15,0.00525469168900372,143.969544235925,0.0187667560321723,0.23860589812332503,OD_595,FALSE,TRUE
270,29,29,-0.02793783830972529,670.66876200454,0.00521739130434761,0.222608695652174,OD_595,FALSE,TRUE
271,23,23,0.91889634161322,479.23638239846696,0.00262278568094132,0.32786663718336206,OD_595,FALSE,TRUE
272,16,16,0.269726922432575,143.443415982577,0.01861702127659549,0.5664893617021268,OD_595,FALSE,TRUE
273,16,16,0.2860053619302931,143.959034852547,0.0214477211796251,0.227882037533512,OD_595,FALSE,TRUE
274,29,29,-0.03143006809844451,670.563995110878,0.00695652173913031,0.264347826086957,OD_595,FALSE,FALSE
275,12,12,13.9169095221953,950.6422106527828,1183.86816923108,20823.026744974,N,FALSE,FALSE
276,12,12,14.978442338299502,950.8818724369,742.2315793873571,20409.300511277495,N,FALSE,FALSE
277,13,13,11.878438302269602,1014.24465708665,1250.7716536537205,20578.798221732,N,FALSE,TRUE
278,13,13,28.6492947645229,1036.09454972117,773.68482476144,21928.303171879197,N,FALSE,TRUE
279,13,13,16.179775280898603,1014.34067949188,1134.7517730495,19420.48810601101,N,FALSE,TRUE
280,13,13,16.179775280898802,1014.83311871869,1267.60563380283,14565.0226646591,N,FALSE,FALSE
281,13,13,10.7865168539327,1019.32584269663,1134.7517730496802,13861.749479133803,N,FALSE,TRUE
282,13,13,16.179775280898603,1014.80745507285,1267.60563380283,14074.231469203702,N,FALSE,TRUE
283,14,14,16.179775280898603,1014.29266828927,610.4072037612789,14036.9875890781,N,FALSE,TRUE
284,12,12,10.7865168539327,1013.93258426966,1267.6056338028,15310.4233710871,N,FALSE,TRUE
285,11,11,12.1581320824687,849.929471845639,87.80208861173008,5042.720573872821,N,FALSE,TRUE
286,11,11,10.7322589765339,849.0132880972579,113.85137339340898,5631.67999342727,N,FALSE,FALSE
287,11,11,11.4786004882021,849.3656631407648,113.344182262081,6761.676159479362,N,FALSE,TRUE
288,12,12,12.050474226804004,1014.70784094256,175.767354043084,5012.71878048321,N,FALSE,FALSE
289,12,12,12.659340659339302,1014.85714285714,285.9584859582249,6694.627594627291,N,FALSE,TRUE
290,11,11,13.455672693084605,1015.89186356561,145.712799310917,19699.664375547294,N,FALSE,FALSE
291,11,11,13.5052634823759,1015.9414543549,156.605197702724,22285.20673013,N,FALSE,FALSE
292,11,11,12.0496948259129,1015.99104514419,1009.40388628522,21625.627579976193,N,FALSE,FALSE
293,11,11,13.6044450609591,1013.03031704197,117.01914844961,26877.1884434779,N,FALSE,TRUE
294,10,10,-22.902868147292303,972.7090376308572,-668.2839359007781,20215.0786919774,N,TRUE,FALSE
295,11,11,8.10796462920274,1014.6939736346502,379.5735884514139,20106.621466196695,N,FALSE,FALSE
296,10,10,41.41281840480259,1045.9733123248798,1171.2945735114,23933.2728939867,N,FALSE,FALSE
297,11,11,11.5479750106606,1012.47900643743,583.2577291979248,23971.085912863204,N,FALSE,FALSE
298,11,11,13.1027252457075,1011.52515759622,247.620090941506,21030.2959487668,N,FALSE,FALSE
299,11,11,12.148876404496397,1010.571308755,181.64334218624597,21756.040185071502,N,FALSE,FALSE
300,14,14,1.40679953106678,128.018757327081,48.5595873508849,953024843.747442,N,FALSE,FALSE
301,17,17,2.81359906213356,96.1313012895662,66.80336882367278,1720052607.18758,N,FALSE,TRUE
302,15,15,1.8757327080890296,58.147713950762,82.65242665725658,1727792637.3875098,N,FALSE,FALSE
303,14,14,-0.468933177022336,30.949589683469995,41.4076900447241,1478475784.4209,N,FALSE,FALSE
304,9,9,0.937866354044502,383.118405627198,35.29372093647751,108878.686522555,N,FALSE,FALSE
305,20,20,0.937866354044473,337.162954279015,39.2553621304904,417077044.6448691,N,FALSE,FALSE
